"","x"
"1",0
"2",0
"3",1
"4",1
"5",1
"6",1
"7",0
"8",0
"9",9
"10",0
"11",0
"12",0
"13",0
"14",2
"15",0
"16",0
"17",1
"18",0
"19",16
"20",0
"21",0
"22",16
"23",0
"24",0
"25",0
"26",0
"27",0
"28",0
"29",0
"30",0
"31",3
"32",0
"33",0
"34",0
"35",0
"36",0
"37",0
"38",0
"39",0
"40",0
"41",1
"42",4
"43",0
"44",0
"45",1
"46",1
"47",0
"48",0
"49",0
"50",2
"51",0
"52",0
"53",0
"54",0
"55",1
"56",0
"57",0
"58",0
"59",0
"60",0
"61",0
"62",0
"63",0
"64",0
"65",0
"66",2
"67",0
"68",0
"69",0
"70",14
"71",0
"72",1
"73",12
"74",0
"75",0
"76",0
"77",12
"78",0
"79",0
"80",0
"81",0
"82",0
"83",0
"84",11
"85",16
"86",0
"87",0
"88",12
"89",0
"90",0
"91",0
"92",0
"93",9
"94",32
"95",32
"96",32
"97",1
"98",28
"99",32
"100",9
"101",0
"102",0
"103",32
"104",0
"105",0
"106",0
"107",1
"108",20
"109",0
"110",0
"111",0
"112",0
"113",0
"114",0
"115",0
"116",0
"117",0
"118",0
"119",6
"120",0
"121",0
"122",0
"123",0
"124",0
"125",0
"126",0
"127",0
"128",0
"129",0
"130",0
"131",0
"132",0
"133",0
"134",0
"135",1
"136",0
"137",0
"138",0
"139",0
"140",0
"141",0
"142",0
"143",0
"144",0
"145",0
"146",0
"147",0
"148",5
"149",0
"150",0
"151",0
"152",0
"153",8
"154",16
"155",0
"156",0
"157",0
"158",0
"159",0
"160",0
"161",0
"162",1
"163",0
"164",0
"165",0
"166",4
"167",0
"168",0
"169",0
"170",14
"171",0
"172",5
"173",0
"174",0
"175",0
"176",0
"177",0
"178",0
"179",0
"180",6
"181",4
"182",12
"183",0
"184",12
"185",0
"186",0
"187",0
"188",1
"189",0
"190",0
"191",0
"192",7
"193",1
"194",0
"195",5
"196",0
"197",32
"198",1
"199",0
"200",0
"201",2
"202",0
"203",0
"204",1
"205",0
"206",0
"207",0
"208",0
"209",0
"210",0
"211",0
"212",0
"213",14
"214",14
"215",4
"216",45
"217",0
"218",4
"219",6
"220",1
"221",1
"222",1
"223",0
"224",0
"225",0
"226",0
"227",0
"228",1
"229",0
"230",0
"231",15
"232",2
"233",0
"234",0
"235",0
"236",0
"237",0
"238",1
"239",0
"240",1
"241",0
"242",5
"243",0
"244",0
"245",0
"246",0
"247",0
"248",0
"249",0
"250",16
"251",4
"252",0
"253",0
"254",3
"255",0
"256",1
"257",7
"258",0
"259",0
"260",0
"261",0
"262",0
"263",0
"264",16
"265",0
"266",1
"267",0
"268",0
"269",0
"270",0
"271",0
"272",2
"273",10
"274",0
"275",0
"276",0
"277",0
"278",0
"279",0
"280",0
"281",0
"282",0
"283",1
"284",1
"285",7
"286",1
"287",0
"288",0
"289",8
"290",0
"291",0
"292",0
"293",8
"294",0
"295",0
"296",0
"297",0
"298",0
"299",0
"300",0
"301",0
"302",0
"303",0
"304",0
"305",0
"306",0
"307",0
"308",0
"309",0
"310",0
"311",26
"312",0
"313",4
"314",26
"315",0
"316",0
"317",0
"318",0
"319",0
"320",1
"321",1
"322",0
"323",0
"324",0
"325",0
"326",9
"327",0
"328",0
"329",0
"330",2
"331",0
"332",1
"333",0
"334",0
"335",0
"336",0
"337",0
"338",0
"339",25
"340",0
"341",0
"342",6
"343",0
"344",1
"345",0
"346",0
"347",1
"348",4
"349",2
"350",0
"351",4
"352",10
"353",0
"354",0
"355",0
"356",0
"357",0
"358",0
"359",0
"360",0
"361",0
"362",0
"363",0
"364",0
"365",0
"366",0
"367",0
"368",0
"369",0
"370",0
"371",1
"372",0
"373",0
"374",14
"375",0
"376",0
"377",21
"378",0
"379",3
"380",0
"381",21
"382",0
"383",0
"384",0
"385",0
"386",0
"387",0
"388",0
"389",0
"390",2
"391",12
"392",0
"393",0
"394",0
"395",0
"396",0
"397",0
"398",0
"399",0
"400",0
"401",3
"402",4
"403",11
"404",0
"405",0
"406",0
"407",12
"408",0
"409",0
"410",0
"411",0
"412",5
"413",2
"414",2
"415",1
"416",1
"417",0
"418",0
"419",0
"420",0
"421",0
"422",0
"423",0
"424",7
"425",0
"426",0
"427",0
"428",0
"429",3
"430",0
"431",31
"432",7
"433",1
"434",7
"435",6
"436",0
"437",0
"438",1
"439",0
"440",8
"441",20
"442",0
"443",20
"444",29
"445",0
"446",1
"447",0
"448",5
"449",0
"450",0
"451",0
"452",5
"453",0
"454",0
"455",28
"456",6
"457",0
"458",0
"459",0
"460",29
"461",0
"462",1
"463",0
"464",1
"465",13
"466",0
"467",5
"468",0
"469",0
"470",1
"471",1
"472",0
"473",1
"474",6
"475",4
"476",1
"477",0
"478",1
"479",0
"480",0
"481",0
"482",0
"483",0
"484",2
"485",3
"486",0
"487",0
"488",0
"489",0
"490",0
"491",0
"492",0
"493",0
"494",0
"495",0
"496",0
"497",1
"498",0
"499",1
"500",0
"501",0
"502",1
"503",0
"504",2
"505",1
"506",0
"507",0
"508",0
"509",0
"510",0
"511",0
"512",4
"513",9
"514",1
"515",5
"516",2
"517",2
"518",4
"519",5
"520",9
"521",0
"522",1
"523",0
"524",0
"525",0
"526",4
"527",0
"528",0
"529",2
"530",0
"531",44
"532",10
"533",0
"534",6
"535",0
"536",0
"537",0
"538",1
"539",0
"540",10
"541",0
"542",0
"543",41
"544",3
"545",0
"546",0
"547",5
"548",0
"549",3
"550",0
"551",0
"552",3
"553",0
"554",2
"555",0
"556",18
"557",3
"558",4
"559",0
"560",0
"561",18
"562",4
"563",0
"564",1
"565",0
"566",0
"567",0
"568",11
"569",2
"570",2
"571",0
"572",32
"573",0
"574",0
"575",0
"576",8
"577",28
"578",23
"579",0
"580",7
"581",32
"582",0
"583",0
"584",0
"585",0
"586",0
"587",11
"588",1
"589",1
"590",0
"591",4
"592",1
"593",8
"594",0
"595",0
"596",5
"597",7
"598",0
"599",0
"600",0
"601",3
"602",2
"603",8
"604",0
"605",1
"606",3
"607",0
"608",0
"609",0
"610",1
"611",0
"612",0
"613",0
"614",0
"615",9
"616",9
"617",0
"618",0
"619",0
"620",0
"621",8
"622",0
"623",1
"624",25
"625",0
"626",0
"627",25
"628",0
"629",0
"630",0
"631",0
"632",0
"633",1
"634",0
"635",1
"636",0
"637",1
"638",0
"639",0
"640",0
"641",1
"642",1
"643",1
"644",0
"645",0
"646",1
"647",0
"648",0
"649",0
"650",1
"651",0
"652",0
"653",0
"654",0
"655",0
"656",0
"657",0
"658",0
"659",2
"660",0
"661",0
"662",4
"663",0
"664",0
"665",3
"666",0
"667",0
"668",0
"669",1
"670",0
"671",0
"672",15
"673",3
"674",1
"675",1
"676",0
"677",1
"678",3
"679",8
"680",0
"681",0
"682",0
"683",0
"684",0
"685",3
"686",0
"687",7
"688",0
"689",0
"690",0
"691",0
"692",32
"693",32
"694",5
"695",32
"696",32
"697",5
"698",0
"699",1
"700",1
"701",7
"702",0
"703",0
"704",0
"705",0
"706",0
"707",0
"708",0
"709",0
"710",3
"711",7
"712",0
"713",0
"714",0
"715",0
"716",29
"717",0
"718",0
"719",0
"720",1
"721",44
"722",10
"723",1
"724",4
"725",0
"726",1
"727",0
"728",6
"729",26
"730",6
"731",11
"732",6
"733",26
"734",41
"735",0
"736",0
"737",6
"738",0
"739",0
"740",41
"741",0
"742",0
"743",1
"744",1
"745",0
"746",0
"747",0
"748",0
"749",0
"750",0
"751",9
"752",3
"753",0
"754",0
"755",0
"756",0
"757",13
"758",9
"759",0
"760",1
"761",0
"762",0
"763",1
"764",0
"765",1
"766",0
"767",0
"768",0
"769",0
"770",6
"771",1
"772",5
"773",0
"774",0
"775",0
"776",4
"777",0
"778",0
"779",0
"780",11
"781",1
"782",1
"783",1
"784",1
"785",1
"786",0
"787",0
"788",0
"789",0
"790",8
"791",0
"792",0
"793",0
"794",1
"795",0
"796",0
"797",0
"798",0
"799",0
"800",1
"801",10
"802",7
"803",7
"804",7
"805",7
"806",0
"807",0
"808",7
"809",0
"810",7
"811",1
"812",0
"813",6
"814",4
"815",0
"816",0
"817",0
"818",0
"819",0
"820",1
"821",0
"822",6
"823",0
"824",0
"825",1
"826",3
"827",1
"828",3
"829",2
"830",0
"831",0
"832",2
"833",1
"834",7
"835",0
"836",2
"837",3
"838",0
"839",0
"840",0
"841",0
"842",0
"843",0
"844",0
"845",0
"846",2
"847",0
"848",0
"849",0
"850",0
"851",0
"852",2
"853",5
"854",0
"855",0
"856",0
"857",0
"858",0
"859",0
"860",0
"861",0
"862",1
"863",0
"864",8
"865",0
"866",0
"867",0
"868",0
"869",0
"870",0
"871",0
"872",0
"873",0
"874",1
"875",0
"876",1
"877",31
"878",0
"879",0
"880",0
"881",0
"882",1
"883",6
"884",0
"885",1
"886",0
"887",0
"888",0
"889",0
"890",0
"891",0
"892",0
"893",0
"894",0
"895",0
"896",0
"897",0
"898",0
"899",0
"900",0
"901",0
"902",0
"903",0
"904",0
"905",0
"906",0
"907",0
"908",0
"909",32
"910",32
"911",9
"912",32
"913",1
"914",28
"915",32
"916",0
"917",0
"918",32
"919",32
"920",32
"921",6
"922",1
"923",0
"924",0
"925",6
"926",0
"927",32
"928",3
"929",32
"930",6
"931",0
"932",6
"933",9
"934",32
"935",0
"936",0
"937",0
"938",0
"939",3
"940",0
"941",7
"942",0
"943",4
"944",0
"945",0
"946",0
"947",0
"948",0
"949",7
"950",7
"951",3
"952",4
"953",7
"954",7
"955",2
"956",7
"957",1
"958",1
"959",0
"960",20
"961",29
"962",7
"963",7
"964",5
"965",29
"966",7
"967",7
"968",7
"969",0
"970",7
"971",0
"972",0
"973",1
"974",0
"975",1
"976",0
"977",4
"978",1
"979",0
"980",0
"981",0
"982",0
"983",11
"984",0
"985",0
"986",0
"987",0
"988",0
"989",0
"990",0
"991",0
"992",0
"993",0
"994",0
"995",17
"996",1
"997",16
"998",9
"999",0
"1000",0
"1001",0
"1002",0
"1003",0
"1004",2
"1005",3
"1006",3
"1007",2
"1008",0
"1009",0
"1010",0
"1011",1
"1012",0
"1013",13
"1014",16
"1015",0
"1016",0
"1017",0
"1018",0
"1019",8
"1020",0
"1021",0
"1022",4
"1023",0
"1024",0
"1025",0
"1026",0
"1027",0
"1028",0
"1029",0
"1030",0
"1031",4
"1032",4
"1033",0
"1034",0
"1035",4
"1036",4
"1037",0
"1038",1
"1039",8
"1040",4
"1041",1
"1042",2
"1043",0
"1044",0
"1045",0
"1046",3
"1047",0
"1048",0
"1049",3
"1050",0
"1051",0
"1052",0
"1053",0
"1054",0
"1055",1
"1056",1
"1057",0
"1058",0
"1059",2
"1060",8
"1061",1
"1062",1
"1063",1
"1064",1
"1065",2
"1066",1
"1067",0
"1068",0
"1069",0
"1070",0
"1071",0
"1072",0
"1073",1
"1074",1
"1075",0
"1076",0
"1077",0
"1078",3
"1079",2
"1080",0
"1081",1
"1082",3
"1083",1
"1084",8
"1085",2
"1086",1
"1087",0
"1088",0
"1089",0
"1090",1
"1091",2
"1092",0
"1093",2
"1094",0
"1095",0
"1096",0
"1097",3
"1098",0
"1099",12
"1100",1
"1101",0
"1102",1
"1103",0
"1104",0
"1105",1
"1106",0
"1107",0
"1108",8
"1109",0
"1110",2
"1111",0
"1112",0
"1113",0
"1114",0
"1115",0
"1116",0
"1117",0
"1118",18
"1119",0
"1120",1
"1121",8
"1122",0
"1123",0
"1124",4
"1125",2
"1126",0
"1127",2
"1128",2
"1129",0
"1130",23
"1131",0
"1132",1
"1133",11
"1134",7
"1135",0
"1136",1
"1137",0
"1138",0
"1139",0
"1140",2
"1141",1
"1142",0
"1143",0
"1144",0
"1145",0
"1146",0
"1147",0
"1148",0
"1149",28
"1150",0
"1151",0
"1152",0
"1153",0
"1154",14
"1155",0
"1156",1
"1157",2
"1158",1
"1159",10
"1160",0
"1161",2
"1162",0
"1163",7
"1164",0
"1165",0
"1166",0
"1167",0
"1168",0
"1169",0
"1170",18
"1171",1
"1172",1
"1173",0
"1174",5
"1175",1
"1176",0
"1177",1
"1178",0
"1179",0
"1180",1
"1181",1
"1182",1
"1183",1
"1184",0
"1185",0
"1186",0
"1187",2
"1188",0
"1189",0
"1190",2
"1191",2
"1192",0
"1193",0
"1194",2
"1195",4
"1196",10
"1197",0
"1198",0
"1199",1
"1200",0
"1201",0
"1202",0
"1203",9
"1204",3
"1205",7
"1206",0
"1207",0
"1208",0
"1209",3
"1210",3
"1211",0
"1212",1
"1213",41
"1214",2
"1215",0
"1216",0
"1217",8
"1218",1
"1219",9
"1220",0
"1221",0
"1222",0
"1223",0
"1224",0
"1225",0
"1226",2
"1227",3
"1228",0
"1229",0
"1230",0
"1231",0
"1232",0
"1233",0
"1234",0
"1235",0
"1236",0
"1237",0
"1238",0
"1239",0
"1240",0
"1241",5
"1242",5
"1243",0
"1244",2
"1245",1
"1246",0
"1247",3
"1248",4
"1249",0
"1250",2
"1251",4
"1252",0
"1253",0
"1254",0
"1255",0
"1256",0
"1257",0
"1258",2
"1259",0
"1260",1
"1261",8
"1262",0
"1263",0
"1264",9
"1265",0
"1266",4
"1267",3
"1268",1
"1269",3
"1270",1
"1271",0
"1272",0
"1273",0
"1274",0
"1275",0
"1276",0
"1277",1
"1278",0
"1279",2
"1280",0
"1281",3
"1282",2
"1283",0
"1284",0
"1285",0
"1286",0
"1287",0
"1288",0
"1289",0
"1290",0
"1291",0
"1292",0
"1293",1
"1294",0
"1295",1
"1296",0
"1297",0
"1298",2
"1299",9
"1300",6
"1301",2
"1302",0
"1303",0
"1304",0
"1305",0
"1306",0
"1307",0
"1308",2
"1309",12
"1310",12
"1311",3
"1312",25
"1313",0
"1314",2
"1315",0
"1316",5
"1317",2
"1318",0
"1319",0
"1320",0
"1321",0
"1322",0
"1323",0
"1324",0
"1325",0
"1326",0
"1327",0
"1328",0
"1329",0
"1330",1
"1331",0
"1332",7
"1333",7
"1334",0
"1335",4
"1336",0
"1337",18
"1338",0
"1339",0
"1340",0
"1341",0
"1342",0
"1343",2
"1344",3
"1345",0
"1346",0
"1347",0
"1348",2
"1349",0
"1350",1
"1351",2
"1352",0
"1353",0
"1354",4
"1355",0
"1356",0
"1357",0
"1358",5
"1359",0
"1360",0
"1361",4
"1362",0
"1363",1
"1364",0
"1365",2
"1366",0
"1367",0
"1368",4
"1369",3
"1370",3
"1371",3
"1372",3
"1373",0
"1374",0
"1375",0
"1376",1
"1377",0
"1378",0
"1379",0
"1380",5
"1381",5
"1382",3
"1383",1
"1384",1
"1385",0
"1386",0
"1387",0
"1388",0
"1389",0
"1390",0
"1391",0
"1392",1
"1393",1
"1394",0
"1395",0
"1396",0
"1397",0
"1398",0
"1399",3
"1400",3
"1401",0
"1402",0
"1403",1
"1404",0
"1405",0
"1406",0
"1407",0
"1408",1
"1409",32
"1410",2
"1411",0
"1412",2
"1413",3
"1414",1
"1415",5
"1416",0
"1417",0
"1418",2
"1419",0
"1420",49
"1421",2
"1422",0
"1423",0
"1424",0
"1425",0
"1426",0
"1427",1
"1428",0
"1429",1
"1430",1
"1431",7
"1432",1
"1433",0
"1434",0
"1435",0
"1436",0
"1437",0
"1438",0
"1439",0
"1440",0
"1441",2
"1442",6
"1443",0
"1444",1
"1445",4
"1446",0
"1447",0
"1448",0
"1449",3
"1450",1
"1451",0
"1452",0
"1453",0
"1454",0
"1455",0
"1456",0
"1457",0
"1458",5
"1459",1
"1460",5
"1461",0
"1462",10
"1463",6
"1464",0
"1465",0
"1466",0
"1467",0
"1468",0
"1469",0
"1470",0
"1471",0
"1472",0
"1473",0
"1474",0
"1475",0
"1476",1
"1477",0
"1478",1
"1479",1
"1480",1
"1481",22
"1482",0
"1483",0
"1484",4
"1485",4
"1486",0
"1487",0
"1488",0
"1489",2
"1490",1
"1491",0
"1492",6
"1493",6
"1494",4
"1495",0
"1496",0
"1497",0
"1498",0
"1499",0
"1500",0
"1501",3
"1502",4
"1503",0
"1504",0
"1505",1
"1506",1
"1507",0
"1508",0
"1509",0
"1510",0
"1511",0
"1512",0
"1513",1
"1514",0
"1515",1
"1516",1
"1517",2
"1518",6
"1519",1
"1520",7
"1521",1
"1522",6
"1523",1
"1524",0
"1525",7
"1526",1
"1527",0
"1528",1
"1529",7
"1530",0
"1531",1
"1532",1
"1533",0
"1534",0
"1535",0
"1536",0
"1537",0
"1538",0
"1539",0
"1540",0
"1541",1
"1542",0
"1543",1
"1544",0
"1545",0
"1546",0
"1547",0
"1548",0
"1549",7
"1550",0
"1551",0
"1552",2
"1553",25
"1554",32
"1555",5
"1556",1
"1557",5
"1558",0
"1559",0
"1560",6
"1561",5
"1562",1
"1563",0
"1564",0
"1565",0
"1566",1
"1567",0
"1568",2
"1569",7
"1570",0
"1571",2
"1572",4
"1573",0
"1574",0
"1575",0
"1576",0
"1577",0
"1578",1
"1579",0
"1580",0
"1581",2
"1582",0
"1583",5
"1584",0
"1585",0
"1586",1
"1587",1
"1588",0
"1589",0
"1590",23
"1591",0
"1592",4
"1593",14
"1594",9
"1595",0
"1596",14
"1597",0
"1598",0
"1599",0
"1600",0
"1601",0
"1602",9
"1603",0
"1604",0
"1605",0
"1606",14
"1607",0
"1608",0
"1609",0
"1610",0
"1611",14
"1612",0
"1613",0
"1614",0
"1615",0
"1616",0
"1617",0
"1618",0
"1619",6
"1620",1
"1621",1
"1622",1
"1623",0
"1624",0
"1625",0
"1626",1
"1627",1
"1628",0
"1629",0
"1630",0
"1631",12
"1632",2
"1633",12
"1634",2
"1635",1
"1636",3
"1637",4
"1638",3
"1639",3
"1640",3
"1641",3
"1642",0
"1643",0
"1644",0
"1645",0
"1646",2
"1647",2
"1648",1
"1649",7
"1650",4
"1651",0
"1652",0
"1653",0
"1654",0
"1655",1
"1656",0
"1657",0
"1658",0
"1659",0
"1660",0
"1661",0
"1662",0
"1663",1
"1664",0
"1665",0
"1666",3
"1667",0
"1668",0
"1669",0
"1670",5
"1671",0
"1672",0
"1673",5
"1674",1
"1675",1
"1676",1
"1677",2
"1678",0
"1679",3
"1680",0
"1681",10
"1682",0
"1683",0
"1684",0
"1685",0
"1686",0
"1687",0
"1688",0
"1689",0
"1690",0
"1691",0
"1692",0
"1693",0
"1694",0
"1695",0
"1696",0
"1697",0
"1698",0
"1699",0
"1700",0
"1701",0
"1702",0
"1703",0
"1704",0
"1705",0
"1706",0
"1707",0
"1708",0
"1709",0
"1710",2
"1711",2
"1712",0
"1713",0
"1714",0
"1715",0
"1716",0
"1717",0
"1718",0
"1719",0
"1720",0
"1721",0
"1722",0
"1723",0
"1724",0
"1725",2
"1726",2
"1727",0
"1728",0
"1729",0
"1730",0
"1731",0
"1732",0
"1733",3
"1734",0
"1735",0
"1736",7
"1737",0
"1738",0
"1739",2
"1740",0
"1741",1
"1742",0
"1743",0
"1744",1
"1745",5
"1746",1
"1747",0
"1748",0
"1749",0
"1750",0
"1751",0
"1752",0
"1753",4
"1754",0
"1755",0
"1756",3
"1757",1
"1758",1
"1759",0
"1760",0
"1761",0
"1762",6
"1763",0
"1764",1
"1765",0
"1766",5
"1767",1
"1768",2
"1769",1
"1770",0
"1771",0
"1772",0
"1773",0
"1774",0
"1775",0
"1776",0
"1777",1
"1778",0
"1779",7
"1780",2
"1781",0
"1782",0
"1783",4
"1784",1
"1785",0
"1786",0
"1787",0
"1788",4
"1789",1
"1790",4
"1791",1
"1792",0
"1793",0
"1794",1
"1795",2
"1796",0
"1797",0
"1798",0
"1799",0
"1800",0
"1801",0
"1802",10
"1803",0
"1804",7
"1805",0
"1806",1
"1807",0
"1808",0
"1809",0
"1810",0
"1811",0
"1812",0
"1813",0
"1814",0
"1815",0
"1816",0
"1817",0
"1818",1
"1819",0
"1820",2
"1821",1
"1822",1
"1823",0
"1824",0
"1825",1
"1826",12
"1827",0
"1828",1
"1829",1
"1830",1
"1831",0
"1832",8
"1833",1
"1834",1
"1835",1
"1836",0
"1837",0
"1838",0
"1839",0
"1840",0
"1841",0
"1842",5
"1843",0
"1844",44
"1845",3
"1846",1
"1847",1
"1848",2
"1849",0
"1850",0
"1851",0
"1852",0
"1853",0
"1854",0
"1855",0
"1856",0
"1857",2
"1858",3
"1859",2
"1860",5
"1861",3
"1862",2
"1863",0
"1864",5
"1865",0
"1866",4
"1867",2
"1868",5
"1869",0
"1870",3
"1871",0
"1872",0
"1873",0
"1874",0
"1875",0
"1876",0
"1877",0
"1878",0
"1879",0
"1880",1
"1881",5
"1882",5
"1883",0
"1884",0
"1885",1
"1886",0
"1887",0
"1888",0
"1889",1
"1890",6
"1891",0
"1892",0
"1893",0
"1894",0
"1895",5
"1896",0
"1897",0
"1898",0
"1899",0
"1900",1
"1901",1
"1902",0
"1903",1
"1904",1
"1905",0
"1906",14
"1907",14
"1908",0
"1909",0
"1910",0
"1911",0
"1912",0
"1913",0
"1914",0
"1915",0
"1916",0
"1917",0
"1918",0
"1919",0
"1920",0
"1921",0
"1922",0
"1923",0
"1924",0
"1925",2
"1926",0
"1927",0
"1928",0
"1929",0
"1930",0
"1931",0
"1932",0
"1933",0
"1934",0
"1935",0
"1936",0
"1937",8
"1938",0
"1939",3
"1940",0
"1941",1
"1942",12
"1943",0
"1944",14
"1945",0
"1946",0
"1947",0
"1948",23
"1949",5
"1950",8
"1951",1
"1952",10
"1953",0
"1954",0
"1955",0
"1956",0
"1957",0
"1958",0
"1959",0
"1960",0
"1961",0
"1962",0
"1963",0
"1964",0
"1965",0
"1966",0
"1967",11
"1968",6
"1969",1
"1970",1
"1971",0
"1972",1
"1973",0
"1974",1
"1975",0
"1976",1
"1977",1
"1978",0
"1979",1
"1980",1
"1981",1
"1982",0
"1983",0
"1984",1
"1985",4
"1986",0
"1987",1
"1988",0
"1989",1
"1990",1
"1991",1
"1992",1
"1993",1
"1994",0
"1995",4
"1996",0
"1997",1
"1998",0
"1999",1
"2000",0
"2001",1
"2002",1
"2003",3
"2004",0
"2005",0
"2006",0
"2007",1
"2008",5
"2009",0
"2010",3
"2011",0
"2012",0
"2013",0
"2014",4
"2015",0
"2016",0
"2017",0
"2018",0
"2019",0
"2020",0
"2021",0
"2022",1
"2023",3
"2024",1
"2025",0
"2026",0
"2027",0
"2028",1
"2029",0
"2030",0
"2031",0
"2032",0
"2033",0
"2034",0
"2035",0
"2036",0
"2037",0
"2038",0
"2039",0
"2040",0
"2041",0
"2042",1
"2043",0
"2044",0
"2045",0
"2046",8
"2047",0
"2048",0
"2049",0
"2050",4
"2051",0
"2052",4
"2053",2
"2054",3
"2055",2
"2056",1
"2057",0
"2058",7
"2059",0
"2060",1
"2061",1
"2062",0
"2063",14
"2064",0
"2065",0
"2066",0
"2067",4
"2068",4
"2069",0
"2070",3
"2071",1
"2072",0
"2073",7
"2074",23
"2075",1
"2076",0
"2077",0
"2078",0
"2079",0
"2080",0
"2081",0
"2082",2
"2083",0
"2084",0
"2085",0
"2086",0
"2087",0
"2088",4
"2089",1
"2090",0
"2091",0
"2092",0
"2093",0
"2094",0
"2095",8
"2096",0
"2097",0
"2098",0
"2099",0
"2100",0
"2101",3
"2102",2
"2103",0
"2104",0
"2105",2
"2106",4
"2107",7
"2108",16
"2109",1
"2110",4
"2111",4
"2112",13
"2113",0
"2114",0
"2115",0
"2116",13
"2117",0
"2118",0
"2119",0
"2120",1
"2121",0
"2122",0
"2123",0
"2124",1
"2125",7
"2126",1
"2127",0
"2128",0
"2129",0
"2130",0
"2131",1
"2132",0
"2133",0
"2134",1
"2135",2
"2136",0
"2137",0
"2138",0
"2139",7
"2140",0
"2141",0
"2142",1
"2143",0
"2144",0
"2145",4
"2146",0
"2147",0
"2148",4
"2149",9
"2150",4
"2151",0
"2152",0
"2153",0
"2154",4
"2155",1
"2156",1
"2157",9
"2158",0
"2159",9
"2160",4
"2161",4
"2162",2
"2163",0
"2164",0
"2165",0
"2166",0
"2167",4
"2168",1
"2169",1
"2170",1
"2171",1
"2172",0
"2173",0
"2174",1
"2175",1
"2176",0
"2177",0
"2178",0
"2179",0
"2180",3
"2181",0
"2182",1
"2183",0
"2184",0
"2185",3
"2186",16
"2187",3
"2188",44
"2189",0
"2190",3
"2191",3
"2192",0
"2193",0
"2194",0
"2195",0
"2196",0
"2197",0
"2198",5
"2199",0
"2200",0
"2201",0
"2202",0
"2203",1
"2204",1
"2205",0
"2206",0
"2207",0
"2208",0
"2209",1
"2210",0
"2211",1
"2212",0
"2213",0
"2214",1
"2215",0
"2216",6
"2217",0
"2218",14
"2219",5
"2220",4
"2221",0
"2222",0
"2223",0
"2224",0
"2225",0
"2226",0
"2227",7
"2228",7
"2229",0
"2230",0
"2231",0
"2232",0
"2233",7
"2234",0
"2235",0
"2236",0
"2237",0
"2238",0
"2239",7
"2240",0
"2241",4
"2242",2
"2243",1
"2244",6
"2245",0
"2246",0
"2247",0
"2248",0
"2249",1
"2250",0
"2251",0
"2252",5
"2253",0
"2254",0
"2255",5
"2256",6
"2257",2
"2258",0
"2259",1
"2260",0
"2261",0
"2262",0
"2263",1
"2264",0
"2265",1
"2266",1
"2267",0
"2268",1
"2269",1
"2270",0
"2271",0
"2272",0
"2273",2
"2274",5
"2275",1
"2276",0
"2277",0
"2278",0
"2279",0
"2280",1
"2281",0
"2282",1
"2283",0
"2284",2
"2285",3
"2286",0
"2287",0
"2288",4
"2289",4
"2290",4
"2291",4
"2292",4
"2293",0
"2294",0
"2295",4
"2296",4
"2297",4
"2298",4
"2299",4
"2300",4
"2301",4
"2302",4
"2303",4
"2304",4
"2305",4
"2306",4
"2307",0
"2308",4
"2309",4
"2310",4
"2311",0
"2312",4
"2313",4
"2314",4
"2315",4
"2316",4
"2317",4
"2318",4
"2319",4
"2320",4
"2321",4
"2322",4
"2323",0
"2324",4
"2325",4
"2326",4
"2327",4
"2328",4
"2329",4
"2330",4
"2331",4
"2332",4
"2333",4
"2334",4
"2335",4
"2336",0
"2337",0
"2338",4
"2339",6
"2340",6
"2341",4
"2342",1
"2343",0
"2344",0
"2345",0
"2346",0
"2347",1
"2348",2
"2349",1
"2350",0
"2351",0
"2352",1
"2353",1
"2354",4
"2355",2
"2356",7
"2357",0
"2358",1
"2359",4
"2360",0
"2361",0
"2362",23
"2363",0
"2364",0
"2365",0
"2366",1
"2367",0
"2368",4
"2369",1
"2370",0
"2371",0
"2372",5
"2373",0
"2374",0
"2375",0
"2376",0
"2377",0
"2378",0
"2379",3
"2380",8
"2381",2
"2382",0
"2383",8
"2384",2
"2385",0
"2386",0
"2387",4
"2388",2
"2389",0
"2390",1
"2391",0
"2392",0
"2393",1
"2394",0
"2395",6
"2396",0
"2397",0
"2398",0
"2399",0
"2400",0
"2401",0
"2402",0
"2403",1
"2404",4
"2405",0
"2406",5
"2407",0
"2408",0
"2409",0
"2410",0
"2411",0
"2412",0
"2413",0
"2414",0
"2415",9
"2416",0
"2417",0
"2418",0
"2419",0
"2420",32
"2421",0
"2422",0
"2423",6
"2424",0
"2425",0
"2426",9
"2427",0
"2428",4
"2429",0
"2430",0
"2431",0
"2432",0
"2433",3
"2434",3
"2435",3
"2436",0
"2437",1
"2438",0
"2439",0
"2440",0
"2441",0
"2442",1
"2443",0
"2444",8
"2445",0
"2446",2
"2447",1
"2448",1
"2449",0
"2450",0
"2451",1
"2452",13
"2453",1
"2454",0
"2455",0
"2456",1
"2457",0
"2458",0
"2459",0
"2460",0
"2461",4
"2462",0
"2463",0
"2464",0
"2465",1
"2466",0
"2467",0
"2468",0
"2469",0
"2470",0
"2471",0
"2472",0
"2473",0
"2474",0
"2475",0
"2476",0
"2477",12
"2478",0
"2479",0
"2480",0
"2481",0
"2482",0
"2483",45
"2484",0
"2485",14
"2486",0
"2487",0
"2488",0
"2489",0
"2490",0
"2491",0
"2492",0
"2493",0
"2494",0
"2495",0
"2496",8
"2497",6
"2498",3
"2499",0
"2500",0
"2501",0
"2502",0
"2503",2
"2504",0
"2505",0
"2506",3
"2507",0
"2508",0
"2509",1
"2510",2
"2511",0
"2512",9
"2513",12
"2514",5
"2515",2
"2516",0
"2517",0
"2518",8
"2519",0
"2520",0
"2521",0
"2522",0
"2523",2
"2524",0
"2525",1
"2526",0
"2527",2
"2528",0
"2529",0
"2530",0
"2531",0
"2532",0
"2533",0
"2534",0
"2535",0
"2536",0
"2537",2
"2538",4
"2539",6
"2540",0
"2541",0
"2542",2
"2543",0
"2544",6
"2545",0
"2546",2
"2547",5
"2548",5
"2549",0
"2550",4
"2551",1
"2552",0
"2553",4
"2554",2
"2555",5
"2556",5
"2557",5
"2558",1
"2559",0
"2560",0
"2561",1
"2562",1
"2563",0
"2564",0
"2565",0
"2566",1
"2567",5
"2568",0
"2569",0
"2570",0
"2571",0
"2572",14
"2573",0
"2574",2
"2575",0
"2576",4
"2577",4
"2578",4
"2579",0
"2580",0
"2581",1
"2582",12
"2583",1
"2584",0
"2585",1
"2586",44
"2587",0
"2588",0
"2589",1
"2590",2
"2591",0
"2592",0
"2593",0
"2594",9
"2595",11
"2596",0
"2597",3
"2598",2
"2599",0
"2600",1
"2601",0
"2602",14
"2603",0
"2604",1
"2605",1
"2606",6
"2607",10
"2608",2
"2609",2
"2610",3
"2611",0
"2612",0
"2613",0
"2614",1
"2615",0
"2616",0
"2617",0
"2618",0
"2619",0
"2620",1
"2621",0
"2622",2
"2623",0
"2624",0
"2625",0
"2626",0
"2627",0
"2628",0
"2629",0
"2630",0
"2631",1
"2632",32
"2633",0
"2634",0
"2635",32
"2636",0
"2637",32
"2638",1
"2639",1
"2640",1
"2641",1
"2642",0
"2643",1
"2644",1
"2645",4
"2646",1
"2647",0
"2648",4
"2649",32
"2650",1
"2651",4
"2652",3
"2653",0
"2654",0
"2655",0
"2656",32
"2657",32
"2658",0
"2659",4
"2660",0
"2661",0
"2662",0
"2663",1
"2664",0
"2665",3
"2666",0
"2667",0
"2668",1
"2669",0
"2670",0
"2671",3
"2672",1
"2673",2
"2674",0
"2675",0
"2676",1
"2677",2
"2678",0
"2679",2
"2680",2
"2681",1
"2682",2
"2683",0
"2684",0
"2685",0
"2686",0
"2687",4
"2688",6
"2689",3
"2690",3
"2691",0
"2692",0
"2693",0
"2694",0
"2695",0
"2696",0
"2697",1
"2698",0
"2699",0
"2700",2
"2701",6
"2702",3
"2703",0
"2704",0
"2705",3
"2706",11
"2707",0
"2708",0
"2709",0
"2710",0
"2711",0
"2712",0
"2713",0
"2714",0
"2715",0
"2716",0
"2717",0
"2718",0
"2719",0
"2720",0
"2721",0
"2722",0
"2723",0
"2724",2
"2725",6
"2726",0
"2727",6
"2728",2
"2729",1
"2730",0
"2731",0
"2732",0
"2733",0
"2734",0
"2735",0
"2736",5
"2737",0
"2738",14
"2739",3
"2740",4
"2741",1
"2742",0
"2743",25
"2744",0
"2745",10
"2746",1
"2747",0
"2748",1
"2749",4
"2750",0
"2751",0
"2752",0
"2753",0
"2754",0
"2755",0
"2756",0
"2757",0
"2758",0
"2759",0
"2760",0
"2761",0
"2762",0
"2763",0
"2764",0
"2765",3
"2766",0
"2767",2
"2768",0
"2769",0
"2770",0
"2771",1
"2772",0
"2773",1
"2774",1
"2775",1
"2776",1
"2777",0
"2778",1
"2779",0
"2780",0
"2781",0
"2782",0
"2783",1
"2784",1
"2785",1
"2786",4
"2787",0
"2788",0
"2789",0
"2790",0
"2791",14
"2792",2
"2793",1
"2794",2
"2795",1
"2796",9
"2797",0
"2798",0
"2799",0
"2800",0
"2801",0
"2802",12
"2803",10
"2804",0
"2805",2
"2806",1
"2807",6
"2808",2
"2809",0
"2810",0
"2811",0
"2812",8
"2813",1
"2814",2
"2815",2
"2816",0
"2817",0
"2818",1
"2819",3
"2820",1
"2821",0
"2822",0
"2823",8
"2824",9
"2825",1
"2826",0
"2827",0
"2828",0
"2829",1
"2830",5
"2831",5
"2832",0
"2833",0
"2834",0
"2835",0
"2836",1
"2837",2
"2838",0
"2839",0
"2840",0
"2841",1
"2842",0
"2843",0
"2844",6
"2845",0
"2846",0
"2847",7
"2848",5
"2849",3
"2850",4
"2851",3
"2852",0
"2853",0
"2854",0
"2855",0
"2856",0
"2857",0
"2858",0
"2859",3
"2860",4
"2861",2
"2862",0
"2863",14
"2864",0
"2865",0
"2866",0
"2867",0
"2868",3
"2869",0
"2870",0
"2871",0
"2872",1
"2873",0
"2874",0
"2875",0
"2876",0
"2877",0
"2878",0
"2879",2
"2880",2
"2881",5
"2882",8
"2883",4
"2884",0
"2885",1
"2886",4
"2887",3
"2888",0
"2889",0
"2890",0
"2891",0
"2892",1
"2893",2
"2894",9
"2895",0
"2896",5
"2897",2
"2898",1
"2899",1
"2900",2
"2901",0
"2902",0
"2903",16
"2904",0
"2905",8
"2906",0
"2907",0
"2908",0
"2909",0
"2910",0
"2911",0
"2912",0
"2913",0
"2914",0
"2915",2
"2916",0
"2917",8
"2918",0
"2919",0
"2920",0
"2921",0
"2922",0
"2923",0
"2924",0
"2925",0
"2926",0
"2927",0
"2928",2
"2929",0
"2930",0
"2931",4
"2932",3
"2933",6
"2934",0
"2935",1
"2936",11
"2937",1
"2938",0
"2939",1
"2940",5
"2941",0
"2942",5
"2943",0
"2944",1
"2945",8
"2946",1
"2947",0
"2948",0
"2949",0
"2950",1
"2951",0
"2952",0
"2953",2
"2954",2
"2955",2
"2956",0
"2957",0
"2958",0
"2959",4
"2960",0
"2961",9
"2962",0
"2963",0
"2964",3
"2965",0
"2966",1
"2967",0
"2968",0
"2969",0
"2970",0
"2971",0
"2972",0
"2973",0
"2974",0
"2975",0
"2976",1
"2977",0
"2978",1
"2979",0
"2980",0
"2981",5
"2982",0
"2983",1
"2984",0
"2985",0
"2986",0
"2987",0
"2988",2
"2989",0
"2990",0
"2991",0
"2992",0
"2993",0
"2994",5
"2995",3
"2996",2
"2997",0
"2998",5
"2999",1
"3000",0
"3001",0
"3002",0
"3003",0
"3004",0
"3005",0
"3006",0
"3007",1
"3008",7
"3009",0
"3010",4
"3011",31
"3012",0
"3013",0
"3014",0
"3015",0
"3016",0
"3017",0
"3018",0
"3019",0
"3020",0
"3021",0
"3022",0
"3023",0
"3024",0
"3025",0
"3026",0
"3027",0
"3028",0
"3029",0
"3030",5
"3031",0
"3032",0
"3033",0
"3034",0
"3035",0
"3036",0
"3037",8
"3038",0
"3039",1
"3040",1
"3041",1
"3042",1
"3043",1
"3044",1
"3045",1
"3046",1
"3047",0
"3048",0
"3049",1
"3050",0
"3051",0
"3052",1
"3053",0
"3054",22
"3055",3
"3056",1
"3057",0
"3058",0
"3059",1
"3060",0
"3061",0
"3062",0
"3063",9
"3064",2
"3065",2
"3066",0
"3067",0
"3068",0
"3069",1
"3070",2
"3071",0
"3072",0
"3073",3
"3074",1
"3075",1
"3076",0
"3077",0
"3078",0
"3079",0
"3080",0
"3081",0
"3082",3
"3083",14
"3084",1
"3085",0
"3086",1
"3087",13
"3088",3
"3089",0
"3090",3
"3091",1
"3092",2
"3093",4
"3094",0
"3095",13
"3096",0
"3097",2
"3098",0
"3099",0
"3100",0
"3101",0
"3102",0
"3103",0
"3104",0
"3105",1
"3106",3
"3107",3
"3108",1
"3109",1
"3110",2
"3111",0
"3112",0
"3113",0
"3114",1
"3115",2
"3116",0
"3117",3
"3118",0
"3119",1
"3120",10
"3121",0
"3122",1
"3123",1
"3124",2
"3125",0
"3126",0
"3127",0
"3128",6
"3129",0
"3130",0
"3131",0
"3132",0
"3133",0
"3134",0
"3135",0
"3136",0
"3137",4
"3138",4
"3139",2
"3140",0
"3141",2
"3142",3
"3143",3
"3144",0
"3145",11
"3146",0
"3147",0
"3148",2
"3149",3
"3150",0
"3151",0
"3152",4
"3153",0
"3154",4
"3155",0
"3156",0
"3157",0
"3158",0
"3159",0
"3160",0
"3161",0
"3162",0
"3163",0
"3164",0
"3165",30
"3166",0
"3167",5
"3168",1
"3169",0
"3170",30
"3171",2
"3172",5
"3173",0
"3174",1
"3175",1
"3176",1
"3177",0
"3178",0
"3179",0
"3180",0
"3181",0
"3182",0
"3183",0
"3184",0
"3185",0
"3186",0
"3187",0
"3188",0
"3189",0
"3190",0
"3191",0
"3192",0
"3193",0
"3194",0
"3195",0
"3196",0
"3197",0
"3198",0
"3199",0
"3200",0
"3201",0
"3202",0
"3203",0
"3204",0
"3205",0
"3206",0
"3207",0
"3208",0
"3209",0
"3210",0
"3211",0
"3212",0
"3213",0
"3214",0
"3215",0
"3216",0
"3217",0
"3218",0
"3219",0
"3220",0
"3221",0
"3222",0
"3223",0
"3224",0
"3225",0
"3226",0
"3227",1
"3228",0
"3229",0
"3230",1
"3231",8
"3232",3
"3233",1
"3234",4
"3235",0
"3236",0
"3237",0
"3238",0
"3239",7
"3240",5
"3241",0
"3242",12
"3243",0
"3244",0
"3245",2
"3246",0
"3247",0
"3248",0
"3249",4
"3250",0
"3251",2
"3252",0
"3253",0
"3254",22
"3255",0
"3256",53
"3257",0
"3258",0
"3259",8
"3260",10
"3261",21
"3262",0
"3263",0
"3264",0
"3265",0
"3266",1
"3267",0
"3268",0
"3269",0
"3270",0
"3271",5
"3272",0
"3273",0
"3274",0
"3275",0
"3276",0
"3277",0
"3278",0
"3279",3
"3280",0
"3281",2
"3282",2
"3283",1
"3284",3
"3285",8
"3286",4
"3287",0
"3288",1
"3289",0
"3290",1
"3291",0
"3292",0
"3293",0
"3294",0
"3295",0
"3296",0
"3297",1
"3298",4
"3299",0
"3300",0
"3301",0
"3302",0
"3303",0
"3304",0
"3305",0
"3306",0
"3307",0
"3308",0
"3309",0
"3310",1
"3311",3
"3312",0
"3313",0
"3314",1
"3315",0
"3316",0
"3317",0
"3318",1
"3319",0
"3320",0
"3321",0
"3322",11
"3323",0
"3324",0
"3325",0
"3326",0
"3327",0
"3328",0
"3329",1
"3330",0
"3331",0
"3332",1
"3333",0
"3334",0
"3335",0
"3336",0
"3337",0
"3338",7
"3339",0
"3340",0
"3341",1
"3342",0
"3343",0
"3344",0
"3345",4
"3346",0
"3347",0
"3348",0
"3349",0
"3350",0
"3351",0
"3352",0
"3353",0
"3354",0
"3355",3
"3356",0
"3357",2
"3358",2
"3359",0
"3360",9
"3361",5
"3362",5
"3363",2
"3364",0
"3365",1
"3366",0
"3367",0
"3368",0
"3369",0
"3370",0
"3371",9
"3372",1
"3373",21
"3374",0
"3375",0
"3376",0
"3377",0
"3378",0
"3379",0
"3380",0
"3381",1
"3382",0
"3383",0
"3384",0
"3385",0
"3386",0
"3387",1
"3388",0
"3389",0
"3390",0
"3391",1
"3392",0
"3393",0
"3394",0
"3395",0
"3396",0
"3397",0
"3398",2
"3399",0
"3400",1
"3401",2
"3402",0
"3403",8
"3404",12
"3405",0
"3406",0
"3407",0
"3408",0
"3409",1
"3410",5
"3411",0
"3412",0
"3413",1
"3414",1
"3415",0
"3416",0
"3417",6
"3418",0
"3419",2
"3420",6
"3421",2
"3422",4
"3423",0
"3424",0
"3425",0
"3426",0
"3427",0
"3428",0
"3429",0
"3430",0
"3431",0
"3432",0
"3433",0
"3434",0
"3435",0
"3436",0
"3437",4
"3438",0
"3439",8
"3440",0
"3441",0
"3442",3
"3443",0
"3444",0
"3445",10
"3446",0
"3447",2
"3448",5
"3449",3
"3450",0
"3451",0
"3452",10
"3453",1
"3454",2
"3455",0
"3456",2
"3457",0
"3458",4
"3459",0
"3460",0
"3461",0
"3462",5
"3463",0
"3464",0
"3465",0
"3466",4
"3467",3
"3468",0
"3469",10
"3470",0
"3471",0
"3472",0
"3473",0
"3474",0
"3475",4
"3476",1
"3477",2
"3478",0
"3479",1
"3480",0
"3481",0
"3482",0
"3483",0
"3484",0
"3485",0
"3486",14
"3487",8
"3488",14
"3489",5
"3490",1
"3491",0
"3492",0
"3493",3
"3494",3
"3495",2
"3496",0
"3497",1
"3498",0
"3499",1
"3500",4
"3501",1
"3502",8
"3503",0
"3504",0
"3505",0
"3506",0
"3507",1
"3508",1
"3509",0
"3510",0
"3511",0
"3512",3
"3513",1
"3514",15
"3515",0
"3516",0
"3517",0
"3518",0
"3519",0
"3520",2
"3521",3
"3522",0
"3523",3
"3524",0
"3525",3
"3526",0
"3527",23
"3528",11
"3529",2
"3530",1
"3531",2
"3532",0
"3533",2
"3534",10
"3535",21
"3536",0
"3537",0
"3538",0
"3539",0
"3540",0
"3541",3
"3542",25
"3543",4
"3544",0
"3545",0
"3546",0
"3547",0
"3548",0
"3549",0
"3550",1
"3551",3
"3552",1
"3553",0
"3554",41
"3555",2
"3556",45
"3557",0
"3558",1
"3559",17
"3560",0
"3561",0
"3562",1
"3563",40
"3564",2
"3565",2
"3566",0
"3567",5
"3568",3
"3569",0
"3570",1
"3571",0
"3572",0
"3573",4
"3574",12
"3575",1
"3576",0
"3577",0
"3578",1
"3579",0
"3580",0
"3581",4
"3582",4
"3583",4
"3584",0
"3585",5
"3586",25
"3587",0
"3588",0
"3589",0
"3590",0
"3591",0
"3592",0
"3593",4
"3594",0
"3595",13
"3596",1
"3597",1
"3598",0
"3599",4
"3600",2
"3601",22
"3602",5
"3603",3
"3604",0
"3605",1
"3606",0
"3607",1
"3608",1
"3609",0
"3610",0
"3611",1
"3612",0
"3613",4
"3614",6
"3615",0
"3616",0
"3617",0
"3618",0
"3619",1
"3620",3
"3621",0
"3622",0
"3623",0
"3624",2
"3625",0
"3626",0
"3627",0
"3628",0
"3629",21
"3630",0
"3631",1
"3632",2
"3633",0
"3634",0
"3635",0
"3636",0
"3637",0
"3638",0
"3639",1
"3640",0
"3641",0
"3642",0
"3643",0
"3644",0
"3645",0
"3646",0
"3647",0
"3648",1
"3649",1
"3650",0
"3651",0
"3652",4
"3653",17
"3654",1
"3655",8
"3656",29
"3657",0
"3658",0
"3659",0
"3660",0
"3661",0
"3662",0
"3663",0
"3664",0
"3665",0
"3666",1
"3667",12
"3668",0
"3669",0
"3670",0
"3671",1
"3672",4
"3673",0
"3674",0
"3675",0
"3676",0
"3677",0
"3678",1
"3679",0
"3680",0
"3681",4
"3682",2
"3683",0
"3684",3
"3685",3
"3686",1
"3687",0
"3688",0
"3689",0
"3690",4
"3691",0
"3692",0
"3693",0
"3694",3
"3695",0
"3696",5
"3697",0
"3698",0
"3699",0
"3700",0
"3701",0
"3702",1
"3703",1
"3704",1
"3705",1
"3706",0
"3707",0
"3708",0
"3709",0
"3710",0
"3711",3
"3712",0
"3713",0
"3714",3
"3715",0
"3716",0
"3717",0
"3718",1
"3719",0
"3720",0
"3721",2
"3722",1
"3723",1
"3724",0
"3725",3
"3726",0
"3727",4
"3728",12
"3729",1
"3730",11
"3731",0
"3732",0
"3733",0
"3734",0
"3735",0
"3736",0
"3737",21
"3738",0
"3739",21
"3740",0
"3741",0
"3742",1
"3743",0
"3744",0
"3745",0
"3746",12
"3747",4
"3748",0
"3749",0
"3750",12
"3751",0
"3752",0
"3753",0
"3754",0
"3755",0
"3756",2
"3757",1
"3758",7
"3759",10
"3760",2
"3761",0
"3762",3
"3763",0
"3764",0
"3765",0
"3766",0
"3767",0
"3768",0
"3769",0
"3770",0
"3771",0
"3772",3
"3773",0
"3774",5
"3775",3
"3776",1
"3777",0
"3778",0
"3779",1
"3780",1
"3781",10
"3782",0
"3783",1
"3784",0
"3785",1
"3786",1
"3787",0
"3788",1
"3789",2
"3790",4
"3791",22
"3792",0
"3793",25
"3794",4
"3795",1
"3796",25
"3797",1
"3798",0
"3799",0
"3800",0
"3801",1
"3802",0
"3803",5
"3804",17
"3805",2
"3806",2
"3807",0
"3808",0
"3809",0
"3810",1
"3811",3
"3812",0
"3813",0
"3814",0
"3815",0
"3816",0
"3817",1
"3818",0
"3819",0
"3820",0
"3821",0
"3822",1
"3823",0
"3824",0
"3825",13
"3826",1
"3827",0
"3828",0
"3829",0
"3830",0
"3831",1
"3832",0
"3833",0
"3834",0
"3835",0
"3836",0
"3837",0
"3838",0
"3839",0
"3840",1
"3841",0
"3842",0
"3843",3
"3844",0
"3845",0
"3846",0
"3847",0
"3848",0
"3849",0
"3850",0
"3851",0
"3852",1
"3853",0
"3854",28
"3855",28
"3856",2
"3857",0
"3858",0
"3859",0
"3860",1
"3861",2
"3862",5
"3863",5
"3864",1
"3865",0
"3866",4
"3867",0
"3868",0
"3869",5
"3870",2
"3871",2
"3872",9
"3873",1
"3874",1
"3875",0
"3876",0
"3877",0
"3878",0
"3879",0
"3880",3
"3881",0
"3882",0
"3883",3
"3884",6
"3885",12
"3886",0
"3887",8
"3888",0
"3889",0
"3890",1
"3891",1
"3892",1
"3893",1
"3894",2
"3895",1
"3896",24
"3897",0
"3898",0
"3899",0
"3900",3
"3901",0
"3902",0
"3903",0
"3904",0
"3905",0
"3906",1
"3907",0
"3908",22
"3909",0
"3910",0
"3911",6
"3912",0
"3913",7
"3914",3
"3915",0
"3916",0
"3917",0
"3918",0
"3919",0
"3920",4
"3921",0
"3922",0
"3923",0
"3924",0
"3925",0
"3926",0
"3927",4
"3928",3
"3929",0
"3930",0
"3931",0
"3932",0
"3933",21
"3934",0
"3935",0
"3936",1
"3937",0
"3938",0
"3939",0
"3940",0
"3941",0
"3942",0
"3943",1
"3944",1
"3945",0
"3946",1
"3947",1
"3948",0
"3949",1
"3950",0
"3951",0
"3952",0
"3953",0
"3954",0
"3955",1
"3956",2
"3957",1
"3958",0
"3959",0
"3960",0
"3961",0
"3962",0
"3963",0
"3964",2
"3965",8
"3966",0
"3967",0
"3968",2
"3969",0
"3970",0
"3971",0
"3972",0
"3973",8
"3974",4
"3975",0
"3976",2
"3977",0
"3978",0
"3979",0
"3980",1
"3981",0
"3982",0
"3983",22
"3984",0
"3985",0
"3986",0
"3987",0
"3988",1
"3989",0
"3990",0
"3991",0
"3992",0
"3993",0
"3994",1
"3995",2
"3996",0
"3997",9
"3998",0
"3999",1
"4000",1
"4001",1
"4002",1
"4003",0
"4004",3
"4005",3
"4006",3
"4007",10
"4008",0
"4009",5
"4010",4
"4011",2
"4012",0
"4013",0
"4014",0
"4015",0
"4016",0
"4017",14
"4018",7
"4019",0
"4020",0
"4021",0
"4022",0
"4023",0
"4024",1
"4025",0
"4026",1
"4027",2
"4028",0
"4029",0
"4030",3
"4031",4
"4032",1
"4033",0
"4034",0
"4035",1
"4036",1
"4037",0
"4038",0
"4039",0
"4040",0
"4041",4
"4042",2
"4043",2
"4044",1
"4045",1
"4046",3
"4047",1
"4048",1
"4049",0
"4050",0
"4051",0
"4052",1
"4053",10
"4054",0
"4055",2
"4056",0
"4057",0
"4058",0
"4059",0
"4060",0
"4061",0
"4062",0
"4063",22
"4064",9
"4065",0
"4066",1
"4067",0
"4068",1
"4069",31
"4070",0
"4071",0
"4072",0
"4073",0
"4074",4
"4075",0
"4076",0
"4077",0
"4078",0
"4079",0
"4080",0
"4081",0
"4082",0
"4083",0
"4084",0
"4085",0
"4086",0
"4087",0
"4088",14
"4089",0
"4090",0
"4091",1
"4092",0
"4093",5
"4094",0
"4095",0
"4096",0
"4097",0
"4098",3
"4099",0
"4100",0
"4101",0
"4102",0
"4103",0
"4104",1
"4105",0
"4106",0
"4107",2
"4108",5
"4109",13
"4110",3
"4111",1
"4112",9
"4113",4
"4114",4
"4115",0
"4116",0
"4117",0
"4118",0
"4119",0
"4120",0
"4121",0
"4122",0
"4123",0
"4124",0
"4125",0
"4126",0
"4127",0
"4128",0
"4129",16
"4130",0
"4131",0
"4132",0
"4133",1
"4134",3
"4135",2
"4136",0
"4137",0
"4138",2
"4139",0
"4140",2
"4141",2
"4142",0
"4143",1
"4144",1
"4145",0
"4146",0
"4147",0
"4148",0
"4149",1
"4150",1
"4151",3
"4152",0
"4153",0
"4154",2
"4155",1
"4156",0
"4157",0
"4158",0
"4159",0
"4160",0
"4161",0
"4162",1
"4163",0
"4164",1
"4165",1
"4166",0
"4167",9
"4168",1
"4169",2
"4170",0
"4171",2
"4172",1
"4173",2
"4174",1
"4175",1
"4176",1
"4177",0
"4178",0
"4179",0
"4180",0
"4181",0
"4182",0
"4183",0
"4184",0
"4185",0
"4186",0
"4187",0
"4188",0
"4189",0
"4190",6
"4191",1
"4192",2
"4193",0
"4194",2
"4195",2
"4196",0
"4197",2
"4198",0
"4199",1
"4200",2
"4201",0
"4202",4
"4203",0
"4204",0
"4205",2
"4206",4
"4207",0
"4208",1
"4209",0
"4210",1
"4211",0
"4212",2
"4213",2
"4214",2
"4215",8
"4216",0
"4217",0
"4218",1
"4219",3
"4220",0
"4221",1
"4222",8
"4223",1
"4224",1
"4225",0
"4226",0
"4227",0
"4228",0
"4229",0
"4230",0
"4231",0
"4232",1
"4233",2
"4234",0
"4235",5
"4236",0
"4237",2
"4238",4
"4239",0
"4240",0
"4241",0
"4242",0
"4243",0
"4244",0
"4245",0
"4246",1
"4247",0
"4248",0
"4249",0
"4250",2
"4251",1
"4252",0
"4253",7
"4254",0
"4255",0
"4256",2
"4257",5
"4258",0
"4259",1
"4260",2
"4261",0
"4262",2
"4263",0
"4264",16
"4265",0
"4266",0
"4267",9
"4268",1
"4269",0
"4270",0
"4271",1
"4272",0
"4273",10
"4274",0
"4275",2
"4276",0
"4277",0
"4278",6
"4279",2
"4280",0
"4281",1
"4282",0
"4283",2
"4284",0
"4285",0
"4286",0
"4287",0
"4288",0
"4289",0
"4290",0
"4291",1
"4292",1
"4293",3
"4294",3
"4295",3
"4296",0
"4297",0
"4298",1
"4299",0
"4300",1
"4301",16
"4302",0
"4303",0
"4304",0
"4305",1
"4306",1
"4307",0
"4308",1
"4309",4
"4310",1
"4311",1
"4312",1
"4313",17
"4314",0
"4315",1
"4316",1
"4317",1
"4318",1
"4319",0
"4320",1
"4321",1
"4322",1
"4323",1
"4324",1
"4325",1
"4326",1
"4327",1
"4328",1
"4329",1
"4330",1
"4331",1
"4332",0
"4333",1
"4334",1
"4335",0
"4336",0
"4337",0
"4338",0
"4339",0
"4340",0
"4341",0
"4342",5
"4343",0
"4344",0
"4345",1
"4346",0
"4347",0
"4348",1
"4349",0
"4350",0
"4351",0
"4352",0
"4353",3
"4354",1
"4355",4
"4356",0
"4357",5
"4358",3
"4359",0
"4360",0
"4361",0
"4362",1
"4363",0
"4364",0
"4365",0
"4366",1
"4367",1
"4368",0
"4369",0
"4370",0
"4371",0
"4372",2
"4373",3
"4374",0
"4375",0
"4376",0
"4377",0
"4378",0
"4379",0
"4380",0
"4381",0
"4382",0
"4383",2
"4384",2
"4385",0
"4386",0
"4387",44
"4388",1
"4389",0
"4390",0
"4391",18
"4392",0
"4393",0
"4394",18
"4395",0
"4396",0
"4397",0
"4398",0
"4399",1
"4400",2
"4401",0
"4402",4
"4403",0
"4404",0
"4405",0
"4406",0
"4407",0
"4408",0
"4409",1
"4410",1
"4411",4
"4412",0
"4413",7
"4414",1
"4415",2
"4416",0
"4417",22
"4418",0
"4419",0
"4420",0
"4421",0
"4422",0
"4423",0
"4424",3
"4425",0
"4426",1
"4427",0
"4428",5
"4429",0
"4430",0
"4431",0
"4432",0
"4433",1
"4434",0
"4435",32
"4436",0
"4437",23
"4438",0
"4439",0
"4440",0
"4441",0
"4442",0
"4443",5
"4444",0
"4445",0
"4446",1
"4447",3
"4448",0
"4449",0
"4450",0
"4451",0
"4452",6
"4453",1
"4454",0
"4455",0
"4456",0
"4457",7
"4458",23
"4459",2
"4460",0
"4461",0
"4462",0
"4463",0
"4464",1
"4465",1
"4466",0
"4467",1
"4468",0
"4469",2
"4470",0
"4471",0
"4472",0
"4473",2
"4474",10
"4475",10
"4476",10
"4477",0
"4478",1
"4479",0
"4480",0
"4481",7
"4482",1
"4483",0
"4484",1
"4485",0
"4486",1
"4487",0
"4488",0
"4489",0
"4490",0
"4491",0
"4492",3
"4493",3
"4494",0
"4495",1
"4496",0
"4497",0
"4498",0
"4499",0
"4500",0
"4501",0
"4502",0
"4503",0
"4504",0
"4505",1
"4506",0
"4507",0
"4508",0
"4509",0
"4510",0
"4511",0
"4512",21
"4513",1
"4514",0
"4515",2
"4516",0
"4517",0
"4518",1
"4519",4
"4520",0
"4521",0
"4522",0
"4523",0
"4524",0
"4525",0
"4526",0
"4527",0
"4528",0
"4529",1
"4530",0
"4531",0
"4532",0
"4533",0
"4534",0
"4535",0
"4536",0
"4537",1
"4538",1
"4539",0
"4540",1
"4541",3
"4542",3
"4543",0
"4544",0
"4545",2
"4546",0
"4547",0
"4548",40
"4549",0
"4550",1
"4551",1
"4552",0
"4553",0
"4554",0
"4555",0
"4556",1
"4557",0
"4558",0
"4559",0
"4560",0
"4561",16
"4562",1
"4563",2
"4564",3
"4565",5
"4566",0
"4567",1
"4568",0
"4569",0
"4570",1
"4571",0
"4572",0
"4573",0
"4574",0
"4575",0
"4576",0
"4577",0
"4578",0
"4579",0
"4580",0
"4581",3
"4582",15
"4583",0
"4584",0
"4585",2
"4586",1
"4587",2
"4588",1
"4589",0
"4590",0
"4591",2
"4592",2
"4593",0
"4594",0
"4595",2
"4596",0
"4597",0
"4598",0
"4599",1
"4600",0
"4601",0
"4602",0
"4603",0
"4604",0
"4605",0
"4606",0
"4607",0
"4608",0
"4609",1
"4610",12
"4611",0
"4612",0
"4613",0
"4614",0
"4615",0
"4616",0
"4617",0
"4618",0
"4619",0
"4620",0
"4621",0
"4622",0
"4623",1
"4624",8
"4625",7
"4626",0
"4627",0
"4628",22
"4629",0
"4630",0
"4631",0
"4632",0
"4633",0
"4634",0
"4635",0
"4636",0
"4637",0
"4638",0
"4639",0
"4640",0
"4641",1
"4642",0
"4643",0
"4644",0
"4645",0
"4646",32
"4647",0
"4648",0
"4649",0
"4650",0
"4651",0
"4652",0
"4653",0
"4654",0
"4655",0
"4656",0
"4657",0
"4658",0
"4659",0
"4660",0
"4661",0
"4662",0
"4663",0
"4664",1
"4665",1
"4666",1
"4667",0
"4668",0
"4669",0
"4670",0
"4671",0
"4672",0
"4673",0
"4674",0
"4675",0
"4676",0
"4677",0
"4678",0
"4679",0
"4680",2
"4681",1
"4682",2
"4683",5
"4684",0
"4685",0
"4686",3
"4687",1
"4688",0
"4689",1
"4690",0
"4691",0
"4692",0
"4693",3
"4694",1
"4695",5
"4696",2
"4697",0
"4698",0
"4699",2
"4700",0
"4701",1
"4702",0
"4703",0
"4704",0
"4705",0
"4706",0
"4707",0
"4708",1
"4709",3
"4710",0
"4711",0
"4712",0
"4713",0
"4714",1
"4715",1
"4716",0
"4717",1
"4718",0
"4719",14
"4720",0
"4721",1
"4722",0
"4723",0
"4724",0
"4725",0
"4726",0
"4727",0
"4728",0
"4729",0
"4730",1
"4731",0
"4732",1
"4733",0
"4734",0
"4735",1
"4736",0
"4737",0
"4738",5
"4739",0
"4740",0
"4741",0
"4742",0
"4743",0
"4744",11
"4745",3
"4746",0
"4747",0
"4748",0
"4749",0
"4750",1
"4751",2
"4752",0
"4753",0
"4754",2
"4755",1
"4756",5
"4757",0
"4758",0
"4759",0
"4760",0
"4761",1
"4762",0
"4763",0
"4764",0
"4765",0
"4766",8
"4767",0
"4768",0
"4769",0
"4770",8
"4771",1
"4772",0
"4773",1
"4774",8
"4775",1
"4776",0
"4777",0
"4778",8
"4779",1
"4780",0
"4781",1
"4782",8
"4783",0
"4784",0
"4785",1
"4786",0
"4787",0
"4788",1
"4789",7
"4790",1
"4791",2
"4792",0
"4793",1
"4794",1
"4795",6
"4796",1
"4797",0
"4798",14
"4799",1
"4800",0
"4801",1
"4802",0
"4803",0
"4804",2
"4805",2
"4806",1
"4807",1
"4808",1
"4809",1
"4810",1
"4811",1
"4812",0
"4813",3
"4814",0
"4815",0
"4816",0
"4817",0
"4818",0
"4819",2
"4820",9
"4821",2
"4822",1
"4823",0
"4824",2
"4825",0
"4826",2
"4827",0
"4828",0
"4829",0
"4830",0
"4831",0
"4832",0
"4833",0
"4834",0
"4835",2
"4836",0
"4837",0
"4838",1
"4839",0
"4840",4
"4841",0
"4842",0
"4843",6
"4844",0
"4845",4
"4846",3
"4847",4
"4848",6
"4849",0
"4850",0
"4851",1
"4852",13
"4853",2
"4854",1
"4855",3
"4856",0
"4857",0
"4858",1
"4859",0
"4860",0
"4861",1
"4862",0
"4863",0
"4864",2
"4865",0
"4866",0
"4867",0
"4868",0
"4869",0
"4870",5
"4871",0
"4872",0
"4873",0
"4874",0
"4875",0
"4876",0
"4877",0
"4878",0
"4879",2
"4880",0
"4881",1
"4882",1
"4883",0
"4884",0
"4885",0
"4886",0
"4887",10
"4888",0
"4889",7
"4890",3
"4891",0
"4892",1
"4893",1
"4894",0
"4895",0
"4896",0
"4897",0
"4898",0
"4899",0
"4900",0
"4901",0
"4902",0
"4903",0
"4904",0
"4905",2
"4906",0
"4907",2
"4908",0
"4909",0
"4910",22
"4911",0
"4912",2
"4913",0
"4914",0
"4915",1
"4916",36
"4917",0
"4918",0
"4919",1
"4920",1
"4921",1
"4922",0
"4923",0
"4924",0
"4925",0
"4926",0
"4927",0
"4928",14
"4929",2
"4930",0
"4931",2
"4932",1
"4933",1
"4934",3
"4935",1
"4936",1
"4937",1
"4938",0
"4939",16
"4940",0
"4941",2
"4942",1
"4943",1
"4944",0
"4945",0
"4946",1
"4947",0
"4948",0
"4949",2
"4950",4
"4951",1
"4952",7
"4953",1
"4954",0
"4955",2
"4956",8
"4957",0
"4958",1
"4959",3
"4960",0
"4961",5
"4962",0
"4963",2
"4964",0
"4965",0
"4966",0
"4967",0
"4968",0
"4969",0
"4970",0
"4971",0
"4972",0
"4973",0
"4974",0
"4975",0
"4976",0
"4977",0
"4978",1
"4979",0
"4980",33
"4981",1
"4982",2
"4983",0
"4984",1
"4985",0
"4986",0
"4987",0
"4988",1
"4989",0
"4990",2
"4991",0
"4992",2
"4993",0
"4994",0
"4995",0
"4996",0
"4997",0
"4998",8
"4999",10
"5000",0
"5001",0
"5002",0
"5003",0
"5004",0
"5005",2
"5006",2
"5007",0
"5008",1
"5009",0
"5010",0
"5011",1
"5012",0
"5013",1
"5014",0
"5015",3
"5016",0
"5017",0
"5018",0
"5019",0
"5020",0
"5021",0
"5022",6
"5023",2
"5024",0
"5025",1
"5026",0
"5027",1
"5028",0
"5029",1
"5030",1
"5031",0
"5032",2
"5033",2
"5034",0
"5035",3
"5036",0
"5037",1
"5038",1
"5039",1
"5040",0
"5041",1
"5042",0
"5043",0
"5044",2
"5045",2
"5046",0
"5047",0
"5048",6
"5049",1
"5050",0
"5051",0
"5052",0
"5053",0
"5054",0
"5055",0
"5056",1
"5057",1
"5058",0
"5059",0
"5060",1
"5061",0
"5062",4
"5063",0
"5064",0
"5065",9
"5066",0
"5067",0
"5068",0
"5069",0
"5070",0
"5071",0
"5072",4
"5073",0
"5074",0
"5075",2
"5076",0
"5077",0
"5078",0
"5079",0
"5080",1
"5081",1
"5082",6
"5083",1
"5084",0
"5085",2
"5086",2
"5087",2
"5088",1
"5089",0
"5090",0
"5091",0
"5092",18
"5093",0
"5094",1
"5095",0
"5096",13
"5097",2
"5098",1
"5099",0
"5100",0
"5101",0
"5102",0
"5103",0
"5104",0
"5105",4
"5106",2
"5107",0
"5108",0
"5109",2
"5110",6
"5111",0
"5112",1
"5113",2
"5114",1
"5115",0
"5116",0
"5117",0
"5118",0
"5119",0
"5120",2
"5121",0
"5122",0
"5123",0
"5124",0
"5125",0
"5126",0
"5127",0
"5128",0
"5129",0
"5130",0
"5131",0
"5132",1
"5133",0
"5134",0
"5135",0
"5136",0
"5137",0
"5138",3
"5139",1
"5140",0
"5141",1
"5142",0
"5143",0
"5144",0
"5145",1
"5146",0
"5147",0
"5148",0
"5149",0
"5150",1
"5151",1
"5152",0
"5153",0
"5154",0
"5155",0
"5156",0
"5157",1
"5158",13
"5159",0
"5160",0
"5161",0
"5162",8
"5163",4
"5164",0
"5165",1
"5166",1
"5167",0
"5168",4
"5169",1
"5170",1
"5171",0
"5172",0
"5173",1
"5174",0
"5175",0
"5176",0
"5177",0
"5178",0
"5179",8
"5180",0
"5181",0
"5182",0
"5183",0
"5184",1
"5185",2
"5186",0
"5187",0
"5188",1
"5189",0
"5190",1
"5191",10
"5192",5
"5193",3
"5194",0
"5195",1
"5196",0
"5197",0
"5198",6
"5199",9
"5200",6
"5201",0
"5202",0
"5203",0
"5204",3
"5205",4
"5206",0
"5207",0
"5208",0
"5209",0
"5210",0
"5211",2
"5212",0
"5213",0
"5214",8
"5215",0
"5216",1
"5217",0
"5218",0
"5219",6
"5220",0
"5221",0
"5222",0
"5223",0
"5224",6
"5225",0
"5226",1
"5227",1
"5228",0
"5229",0
"5230",0
"5231",0
"5232",0
"5233",0
"5234",0
"5235",0
"5236",3
"5237",0
"5238",0
"5239",0
"5240",1
"5241",0
"5242",0
"5243",0
"5244",0
"5245",0
"5246",0
"5247",1
"5248",0
"5249",0
"5250",0
"5251",0
"5252",0
"5253",0
"5254",0
"5255",5
"5256",4
"5257",0
"5258",0
"5259",0
"5260",0
"5261",0
"5262",2
"5263",0
"5264",0
"5265",53
"5266",0
"5267",2
"5268",0
"5269",0
"5270",0
"5271",0
"5272",4
"5273",0
"5274",0
"5275",2
"5276",0
"5277",0
"5278",0
"5279",0
"5280",0
"5281",0
"5282",0
"5283",0
"5284",0
"5285",0
"5286",1
"5287",1
"5288",0
"5289",0
"5290",3
"5291",0
"5292",0
"5293",0
"5294",1
"5295",3
"5296",1
"5297",0
"5298",0
"5299",0
"5300",0
"5301",2
"5302",0
"5303",1
"5304",0
"5305",0
"5306",0
"5307",0
"5308",1
"5309",0
"5310",0
"5311",0
"5312",3
"5313",0
"5314",1
"5315",0
"5316",16
"5317",0
"5318",0
"5319",0
"5320",0
"5321",0
"5322",0
"5323",0
"5324",0
"5325",0
"5326",0
"5327",0
"5328",0
"5329",4
"5330",1
"5331",4
"5332",0
"5333",0
"5334",0
"5335",1
"5336",14
"5337",0
"5338",0
"5339",0
"5340",0
"5341",3
"5342",0
"5343",0
"5344",0
"5345",0
"5346",0
"5347",0
"5348",2
"5349",0
"5350",4
"5351",1
"5352",0
"5353",0
"5354",0
"5355",1
"5356",1
"5357",0
"5358",3
"5359",0
"5360",0
"5361",0
"5362",0
"5363",0
"5364",0
"5365",0
"5366",0
"5367",0
"5368",5
"5369",0
"5370",0
"5371",0
"5372",0
"5373",7
"5374",0
"5375",1
"5376",1
"5377",0
"5378",1
"5379",1
"5380",0
"5381",2
"5382",2
"5383",0
"5384",0
"5385",0
"5386",0
"5387",3
"5388",1
"5389",0
"5390",0
"5391",0
"5392",0
"5393",1
"5394",2
"5395",0
"5396",0
"5397",0
"5398",2
"5399",1
"5400",1
"5401",0
"5402",3
"5403",0
"5404",0
"5405",0
"5406",2
"5407",1
"5408",1
"5409",0
"5410",0
"5411",0
"5412",0
"5413",0
"5414",2
"5415",2
"5416",0
"5417",0
"5418",0
"5419",0
"5420",0
"5421",0
"5422",0
"5423",0
"5424",0
"5425",0
"5426",0
"5427",0
"5428",0
"5429",0
"5430",0
"5431",0
"5432",0
"5433",0
"5434",0
"5435",0
"5436",1
"5437",0
"5438",0
"5439",0
"5440",0
"5441",1
"5442",1
"5443",0
"5444",0
"5445",0
"5446",14
"5447",0
"5448",0
"5449",0
"5450",0
"5451",1
"5452",0
"5453",0
"5454",0
"5455",0
"5456",0
"5457",0
"5458",0
"5459",0
"5460",0
"5461",0
"5462",0
"5463",53
"5464",0
"5465",0
"5466",0
"5467",0
"5468",0
"5469",0
"5470",1
"5471",3
"5472",0
"5473",3
"5474",1
"5475",0
"5476",1
"5477",0
"5478",0
"5479",0
"5480",0
"5481",0
"5482",0
"5483",0
"5484",0
"5485",0
"5486",0
"5487",0
"5488",0
"5489",1
"5490",0
"5491",6
"5492",4
"5493",4
"5494",6
"5495",1
"5496",0
"5497",0
"5498",0
"5499",1
"5500",1
"5501",1
"5502",1
"5503",3
"5504",0
"5505",15
"5506",1
"5507",0
"5508",1
"5509",0
"5510",0
"5511",1
"5512",1
"5513",6
"5514",6
"5515",1
"5516",1
"5517",0
"5518",45
"5519",0
"5520",1
"5521",0
"5522",1
"5523",1
"5524",1
"5525",0
"5526",0
"5527",0
"5528",1
"5529",0
"5530",0
"5531",0
"5532",0
"5533",1
"5534",0
"5535",0
"5536",0
"5537",0
"5538",0
"5539",0
"5540",0
"5541",0
"5542",0
"5543",0
"5544",0
"5545",0
"5546",0
"5547",1
"5548",8
"5549",3
"5550",1
"5551",0
"5552",1
"5553",1
"5554",4
"5555",2
"5556",4
"5557",2
"5558",4
"5559",0
"5560",0
"5561",0
"5562",0
"5563",0
"5564",0
"5565",0
"5566",0
"5567",4
"5568",0
"5569",0
"5570",2
"5571",0
"5572",0
"5573",0
"5574",0
"5575",7
"5576",1
"5577",1
"5578",3
"5579",0
"5580",0
"5581",0
"5582",1
"5583",0
"5584",0
"5585",2
"5586",0
"5587",2
"5588",6
"5589",0
"5590",0
"5591",0
"5592",0
"5593",0
"5594",0
"5595",0
"5596",0
"5597",0
"5598",0
"5599",0
"5600",0
"5601",0
"5602",0
"5603",0
"5604",3
"5605",1
"5606",0
"5607",0
"5608",0
"5609",2
"5610",1
"5611",0
"5612",4
"5613",1
"5614",4
"5615",0
"5616",0
"5617",0
"5618",0
"5619",0
"5620",0
"5621",1
"5622",1
"5623",0
"5624",0
"5625",2
"5626",3
"5627",0
"5628",0
"5629",0
"5630",0
"5631",2
"5632",0
"5633",1
"5634",1
"5635",2
"5636",4
"5637",1
"5638",1
"5639",1
"5640",0
"5641",0
"5642",0
"5643",0
"5644",2
"5645",0
"5646",14
"5647",33
"5648",0
"5649",0
"5650",2
"5651",0
"5652",0
"5653",14
"5654",0
"5655",5
"5656",3
"5657",0
"5658",2
"5659",0
"5660",2
"5661",0
"5662",0
"5663",0
"5664",0
"5665",0
"5666",0
"5667",0
"5668",0
"5669",2
"5670",1
"5671",0
"5672",2
"5673",0
"5674",0
"5675",1
"5676",1
"5677",1
"5678",1
"5679",0
"5680",0
"5681",6
"5682",0
"5683",0
"5684",4
"5685",1
"5686",0
"5687",0
"5688",0
"5689",0
"5690",0
"5691",0
"5692",0
"5693",2
"5694",0
"5695",0
"5696",1
"5697",0
"5698",0
"5699",0
"5700",0
"5701",0
"5702",0
"5703",0
"5704",0
"5705",0
"5706",0
"5707",0
"5708",0
"5709",0
"5710",0
"5711",1
"5712",0
"5713",1
"5714",1
"5715",1
"5716",0
"5717",0
"5718",1
"5719",1
"5720",0
"5721",0
"5722",1
"5723",0
"5724",0
"5725",0
"5726",0
"5727",3
"5728",0
"5729",0
"5730",0
"5731",0
"5732",0
"5733",0
"5734",0
"5735",0
"5736",0
"5737",0
"5738",0
"5739",0
"5740",0
"5741",0
"5742",0
"5743",1
"5744",14
"5745",1
"5746",0
"5747",0
"5748",0
"5749",0
"5750",2
"5751",0
"5752",0
"5753",0
"5754",0
"5755",0
"5756",0
"5757",0
"5758",0
"5759",0
"5760",0
"5761",0
"5762",0
"5763",0
"5764",0
"5765",0
"5766",1
"5767",0
"5768",0
"5769",1
"5770",0
"5771",0
"5772",0
"5773",0
"5774",0
"5775",0
"5776",0
"5777",0
"5778",0
"5779",2
"5780",0
"5781",0
"5782",0
"5783",8
"5784",2
"5785",1
"5786",2
"5787",1
"5788",0
"5789",12
"5790",0
"5791",0
"5792",0
"5793",0
"5794",0
"5795",1
"5796",0
"5797",0
"5798",0
"5799",0
"5800",0
"5801",0
"5802",3
"5803",4
"5804",16
"5805",2
"5806",16
"5807",16
"5808",0
"5809",0
"5810",1
"5811",0
"5812",0
"5813",0
"5814",0
"5815",0
"5816",0
"5817",0
"5818",0
"5819",0
"5820",0
"5821",0
"5822",0
"5823",0
"5824",0
"5825",5
"5826",1
"5827",0
"5828",3
"5829",1
"5830",0
"5831",0
"5832",1
"5833",0
"5834",1
"5835",0
"5836",0
"5837",6
"5838",0
"5839",0
"5840",0
"5841",0
"5842",8
"5843",1
"5844",0
"5845",0
"5846",0
"5847",0
"5848",0
"5849",0
"5850",0
"5851",0
"5852",0
"5853",0
"5854",7
"5855",0
"5856",0
"5857",1
"5858",4
"5859",1
"5860",3
"5861",1
"5862",3
"5863",0
"5864",0
"5865",0
"5866",0
"5867",0
"5868",1
"5869",0
"5870",0
"5871",0
"5872",0
"5873",0
"5874",0
"5875",0
"5876",3
"5877",2
"5878",0
"5879",0
"5880",0
"5881",1
"5882",8
"5883",0
"5884",3
"5885",0
"5886",0
"5887",6
"5888",0
"5889",0
"5890",1
"5891",0
"5892",0
"5893",0
"5894",0
"5895",0
"5896",3
"5897",1
"5898",0
"5899",3
"5900",0
"5901",0
"5902",0
"5903",0
"5904",6
"5905",0
"5906",3
"5907",0
"5908",0
"5909",1
"5910",0
"5911",2
"5912",0
"5913",0
"5914",0
"5915",0
"5916",0
"5917",0
"5918",0
"5919",0
"5920",0
"5921",0
"5922",0
"5923",0
"5924",0
"5925",0
"5926",0
"5927",0
"5928",0
"5929",8
"5930",2
"5931",3
"5932",0
"5933",0
"5934",0
"5935",1
"5936",2
"5937",0
"5938",0
"5939",3
"5940",0
"5941",3
"5942",0
"5943",0
"5944",0
"5945",0
"5946",0
"5947",0
"5948",0
"5949",0
"5950",0
"5951",0
"5952",7
"5953",0
"5954",2
"5955",0
"5956",0
"5957",0
"5958",0
"5959",1
"5960",2
"5961",0
"5962",0
"5963",1
"5964",4
"5965",0
"5966",0
"5967",1
"5968",0
"5969",0
"5970",0
"5971",0
"5972",0
"5973",1
"5974",0
"5975",0
"5976",0
"5977",0
"5978",0
"5979",3
"5980",0
"5981",0
"5982",0
"5983",0
"5984",0
"5985",1
"5986",0
"5987",1
"5988",0
"5989",1
"5990",0
"5991",0
"5992",1
"5993",0
"5994",0
"5995",0
"5996",1
"5997",0
"5998",0
"5999",1
"6000",0
"6001",0
"6002",0
"6003",14
"6004",0
"6005",3
"6006",1
"6007",6
"6008",1
"6009",0
"6010",3
"6011",1
"6012",1
"6013",0
"6014",1
"6015",0
"6016",0
"6017",0
"6018",0
"6019",0
"6020",0
"6021",1
"6022",0
"6023",0
"6024",0
"6025",0
"6026",0
"6027",0
"6028",0
"6029",1
"6030",2
"6031",0
"6032",0
"6033",0
"6034",0
"6035",0
"6036",0
"6037",2
"6038",1
"6039",1
"6040",3
"6041",9
"6042",0
"6043",0
"6044",0
"6045",0
"6046",29
"6047",1
"6048",0
"6049",0
"6050",1
"6051",2
"6052",0
"6053",0
"6054",0
"6055",4
"6056",0
"6057",0
"6058",2
"6059",0
"6060",0
"6061",2
"6062",0
"6063",0
"6064",0
"6065",0
"6066",0
"6067",2
"6068",0
"6069",0
"6070",0
"6071",0
"6072",0
"6073",0
"6074",0
"6075",0
"6076",0
"6077",0
"6078",0
"6079",0
"6080",0
"6081",0
"6082",0
"6083",0
"6084",0
"6085",0
"6086",4
"6087",4
"6088",4
"6089",0
"6090",0
"6091",0
"6092",0
"6093",0
"6094",0
"6095",8
"6096",0
"6097",0
"6098",1
"6099",0
"6100",0
"6101",0
"6102",0
"6103",2
"6104",0
"6105",1
"6106",3
"6107",0
"6108",1
"6109",0
"6110",6
"6111",0
"6112",3
"6113",0
"6114",1
"6115",2
"6116",0
"6117",0
"6118",0
"6119",0
"6120",0
"6121",2
"6122",10
"6123",0
"6124",4
"6125",1
"6126",0
"6127",0
"6128",0
"6129",0
"6130",1
"6131",0
"6132",2
"6133",1
"6134",0
"6135",0
"6136",1
"6137",1
"6138",0
"6139",0
"6140",0
"6141",0
"6142",0
"6143",0
"6144",0
"6145",0
"6146",0
"6147",0
"6148",0
"6149",0
"6150",1
"6151",0
"6152",0
"6153",0
"6154",0
"6155",0
"6156",0
"6157",0
"6158",0
"6159",0
"6160",6
"6161",7
"6162",0
"6163",1
"6164",0
"6165",0
"6166",0
"6167",0
"6168",0
"6169",0
"6170",0
"6171",0
"6172",0
"6173",0
"6174",0
"6175",0
"6176",0
"6177",0
"6178",0
"6179",0
"6180",1
"6181",1
"6182",5
"6183",0
"6184",0
"6185",0
"6186",0
"6187",0
"6188",0
"6189",0
"6190",0
"6191",0
"6192",0
"6193",0
"6194",0
"6195",0
"6196",0
"6197",0
"6198",0
"6199",0
"6200",0
"6201",0
"6202",0
"6203",0
"6204",0
"6205",0
"6206",0
"6207",0
"6208",0
"6209",0
"6210",0
"6211",0
"6212",0
"6213",0
"6214",0
"6215",0
"6216",0
"6217",0
"6218",0
"6219",0
"6220",0
"6221",0
"6222",0
"6223",0
"6224",2
"6225",0
"6226",0
"6227",0
"6228",0
"6229",0
"6230",0
"6231",0
"6232",0
"6233",0
"6234",0
"6235",0
"6236",0
"6237",2
"6238",0
"6239",1
"6240",0
"6241",0
"6242",0
"6243",0
"6244",0
"6245",2
"6246",0
"6247",0
"6248",0
"6249",0
"6250",0
"6251",0
"6252",1
"6253",1
"6254",1
"6255",0
"6256",0
"6257",0
"6258",0
"6259",0
"6260",0
"6261",0
"6262",0
"6263",1
"6264",0
"6265",0
"6266",0
"6267",3
"6268",0
"6269",0
"6270",4
"6271",1
"6272",0
"6273",11
"6274",0
"6275",0
"6276",0
"6277",0
"6278",1
"6279",0
"6280",0
"6281",3
"6282",0
"6283",0
"6284",0
"6285",0
"6286",0
"6287",0
"6288",0
"6289",13
"6290",0
"6291",0
"6292",0
"6293",0
"6294",0
"6295",0
"6296",0
"6297",0
"6298",0
"6299",1
"6300",0
"6301",5
"6302",5
"6303",0
"6304",0
"6305",0
"6306",4
"6307",4
"6308",4
"6309",4
"6310",4
"6311",0
"6312",0
"6313",0
"6314",0
"6315",0
"6316",1
"6317",1
"6318",1
"6319",0
"6320",0
"6321",12
"6322",1
"6323",0
"6324",0
"6325",0
"6326",0
"6327",10
"6328",0
"6329",0
"6330",0
"6331",0
"6332",0
"6333",0
"6334",0
"6335",0
"6336",0
"6337",0
"6338",9
"6339",0
"6340",9
"6341",0
"6342",0
"6343",0
"6344",0
"6345",2
"6346",0
"6347",3
"6348",2
"6349",11
"6350",0
"6351",0
"6352",3
"6353",0
"6354",0
"6355",0
"6356",4
"6357",0
"6358",4
"6359",0
"6360",1
"6361",0
"6362",0
"6363",0
"6364",0
"6365",1
"6366",2
"6367",0
"6368",0
"6369",2
"6370",0
"6371",0
"6372",0
"6373",0
"6374",0
"6375",0
"6376",4
"6377",0
"6378",0
"6379",0
"6380",0
"6381",0
"6382",0
"6383",0
"6384",0
"6385",0
"6386",0
"6387",0
"6388",0
"6389",0
"6390",0
"6391",19
"6392",0
"6393",0
"6394",0
"6395",0
"6396",0
"6397",1
"6398",0
"6399",1
"6400",0
"6401",1
"6402",1
"6403",0
"6404",0
"6405",1
"6406",5
"6407",80
"6408",0
"6409",3
"6410",1
"6411",0
"6412",53
"6413",0
"6414",1
"6415",1
"6416",1
"6417",1
"6418",1
"6419",0
"6420",1
"6421",1
"6422",1
"6423",0
"6424",0
"6425",1
"6426",0
"6427",24
"6428",0
"6429",0
"6430",0
"6431",0
"6432",0
"6433",0
"6434",0
"6435",0
"6436",0
"6437",0
"6438",0
"6439",0
"6440",0
"6441",7
"6442",0
"6443",0
"6444",1
"6445",0
"6446",1
"6447",1
"6448",1
"6449",1
"6450",0
"6451",1
"6452",0
"6453",1
"6454",0
"6455",1
"6456",0
"6457",0
"6458",4
"6459",0
"6460",0
"6461",0
"6462",8
"6463",0
"6464",1
"6465",0
"6466",0
"6467",0
"6468",0
"6469",14
"6470",0
"6471",0
"6472",0
"6473",1
"6474",0
"6475",3
"6476",0
"6477",0
"6478",0
"6479",0
"6480",0
"6481",2
"6482",1
"6483",0
"6484",0
"6485",0
"6486",0
"6487",0
"6488",0
"6489",0
"6490",0
"6491",0
"6492",0
"6493",0
"6494",0
"6495",0
"6496",0
"6497",9
"6498",0
"6499",0
"6500",0
"6501",0
"6502",0
"6503",0
"6504",0
"6505",0
"6506",0
"6507",0
"6508",0
"6509",0
"6510",0
"6511",0
"6512",0
"6513",0
"6514",3
"6515",3
"6516",2
"6517",2
"6518",12
"6519",2
"6520",1
"6521",0
"6522",2
"6523",2
"6524",0
"6525",0
"6526",0
"6527",0
"6528",3
"6529",0
"6530",0
"6531",0
"6532",0
"6533",0
"6534",2
"6535",0
"6536",1
"6537",0
"6538",0
"6539",30
"6540",1
"6541",1
"6542",1
"6543",1
"6544",0
"6545",0
"6546",0
"6547",0
"6548",0
"6549",0
"6550",0
"6551",0
"6552",0
"6553",0
"6554",0
"6555",0
"6556",1
"6557",0
"6558",0
"6559",4
"6560",0
"6561",0
"6562",5
"6563",0
"6564",0
"6565",0
"6566",0
"6567",0
"6568",9
"6569",7
"6570",1
"6571",3
"6572",0
"6573",0
"6574",0
"6575",0
"6576",1
"6577",8
"6578",1
"6579",0
"6580",8
"6581",1
"6582",15
"6583",0
"6584",0
"6585",0
"6586",0
"6587",0
"6588",8
"6589",1
"6590",0
"6591",0
"6592",0
"6593",0
"6594",0
"6595",0
"6596",0
"6597",0
"6598",0
"6599",0
"6600",0
"6601",0
"6602",0
"6603",1
"6604",0
"6605",0
"6606",1
"6607",2
"6608",8
"6609",1
"6610",1
"6611",0
"6612",0
"6613",0
"6614",0
"6615",0
"6616",0
"6617",0
"6618",0
"6619",0
"6620",0
"6621",0
"6622",0
"6623",0
"6624",0
"6625",0
"6626",0
"6627",0
"6628",0
"6629",0
"6630",0
"6631",0
"6632",0
"6633",9
"6634",0
"6635",14
"6636",1
"6637",9
"6638",0
"6639",0
"6640",1
"6641",0
"6642",6
"6643",0
"6644",2
"6645",1
"6646",0
"6647",9
"6648",1
"6649",0
"6650",1
"6651",0
"6652",0
"6653",0
"6654",0
"6655",0
"6656",0
"6657",0
"6658",0
"6659",0
"6660",0
"6661",0
"6662",0
"6663",0
"6664",6
"6665",0
"6666",0
"6667",4
"6668",9
"6669",0
"6670",0
"6671",0
"6672",0
"6673",0
"6674",0
"6675",5
"6676",0
"6677",0
"6678",1
"6679",0
"6680",1
"6681",0
"6682",0
"6683",0
"6684",0
"6685",0
"6686",0
"6687",0
"6688",0
"6689",0
"6690",0
"6691",4
"6692",0
"6693",0
"6694",0
"6695",0
"6696",0
"6697",0
"6698",1
"6699",0
"6700",0
"6701",2
"6702",0
"6703",0
"6704",0
"6705",2
"6706",0
"6707",0
"6708",0
"6709",1
"6710",1
"6711",0
"6712",0
"6713",0
"6714",0
"6715",1
"6716",1
"6717",0
"6718",0
"6719",0
"6720",0
"6721",0
"6722",12
"6723",2
"6724",19
"6725",0
"6726",0
"6727",0
"6728",0
"6729",0
"6730",0
"6731",0
"6732",0
"6733",0
"6734",1
"6735",0
"6736",1
"6737",0
"6738",0
"6739",1
"6740",2
"6741",0
"6742",0
"6743",0
"6744",0
"6745",0
"6746",0
"6747",0
"6748",1
"6749",0
"6750",0
"6751",0
"6752",0
"6753",0
"6754",0
"6755",0
"6756",0
"6757",0
"6758",0
"6759",9
"6760",0
"6761",0
"6762",0
"6763",3
"6764",0
"6765",1
"6766",0
"6767",0
"6768",10
"6769",0
"6770",0
"6771",0
"6772",0
"6773",0
"6774",0
"6775",7
"6776",1
"6777",0
"6778",0
"6779",2
"6780",0
"6781",0
"6782",0
"6783",0
"6784",0
"6785",0
"6786",0
"6787",0
"6788",2
"6789",0
"6790",0
"6791",8
"6792",10
"6793",1
"6794",1
"6795",0
"6796",0
"6797",0
"6798",0
"6799",0
"6800",0
"6801",0
"6802",0
"6803",0
"6804",0
"6805",0
"6806",0
"6807",0
"6808",0
"6809",0
"6810",0
"6811",0
"6812",4
"6813",0
"6814",1
"6815",1
"6816",0
"6817",0
"6818",2
"6819",0
"6820",0
"6821",0
"6822",4
"6823",0
"6824",3
"6825",0
"6826",0
"6827",0
"6828",0
"6829",0
"6830",0
"6831",0
"6832",0
"6833",0
"6834",0
"6835",0
"6836",0
"6837",0
"6838",1
"6839",2
"6840",0
"6841",0
"6842",9
"6843",1
"6844",1
"6845",0
"6846",1
"6847",0
"6848",0
"6849",0
"6850",0
"6851",0
"6852",0
"6853",0
"6854",0
"6855",1
"6856",0
"6857",0
"6858",2
"6859",0
"6860",0
"6861",0
"6862",0
"6863",0
"6864",0
"6865",0
"6866",0
"6867",0
"6868",0
"6869",1
"6870",1
"6871",0
"6872",0
"6873",0
"6874",0
"6875",0
"6876",0
"6877",0
"6878",0
"6879",2
"6880",0
"6881",0
"6882",0
"6883",0
"6884",0
"6885",8
"6886",19
"6887",0
"6888",0
"6889",0
"6890",0
"6891",1
"6892",0
"6893",0
"6894",2
"6895",0
"6896",8
"6897",8
"6898",8
"6899",10
"6900",0
"6901",0
"6902",1
"6903",1
"6904",0
"6905",1
"6906",0
"6907",0
"6908",0
"6909",1
"6910",0
"6911",0
"6912",0
"6913",6
"6914",0
"6915",0
"6916",0
"6917",0
"6918",0
"6919",27
"6920",1
"6921",0
"6922",0
"6923",0
"6924",1
"6925",0
"6926",5
"6927",0
"6928",0
"6929",0
"6930",0
"6931",0
"6932",0
"6933",0
"6934",0
"6935",0
"6936",0
"6937",0
"6938",0
"6939",3
"6940",0
"6941",1
"6942",3
"6943",9
"6944",3
"6945",3
"6946",0
"6947",0
"6948",0
"6949",9
"6950",0
"6951",0
"6952",2
"6953",0
"6954",0
"6955",7
"6956",0
"6957",0
"6958",0
"6959",0
"6960",1
"6961",0
"6962",0
"6963",2
"6964",3
"6965",1
"6966",0
"6967",0
"6968",1
"6969",0
"6970",12
"6971",0
"6972",1
"6973",0
"6974",0
"6975",0
"6976",0
"6977",0
"6978",0
"6979",0
"6980",0
"6981",0
"6982",0
"6983",1
"6984",0
"6985",0
"6986",0
"6987",0
"6988",0
"6989",2
"6990",0
"6991",0
"6992",0
"6993",0
"6994",0
"6995",0
"6996",0
"6997",30
"6998",0
"6999",0
"7000",0
"7001",2
"7002",0
"7003",0
"7004",2
"7005",0
"7006",0
"7007",0
"7008",0
"7009",0
"7010",0
"7011",0
"7012",0
"7013",0
"7014",0
"7015",1
"7016",0
"7017",0
"7018",0
"7019",2
"7020",0
"7021",0
"7022",0
"7023",0
"7024",0
"7025",0
"7026",0
"7027",0
"7028",0
"7029",1
"7030",0
"7031",0
"7032",0
"7033",5
"7034",1
"7035",0
"7036",1
"7037",9
"7038",0
"7039",0
"7040",0
"7041",0
"7042",10
"7043",0
"7044",2
"7045",0
"7046",0
"7047",0
"7048",0
"7049",0
"7050",0
"7051",0
"7052",0
"7053",1
"7054",0
"7055",0
"7056",4
"7057",1
"7058",1
"7059",0
"7060",0
"7061",0
"7062",0
"7063",0
"7064",0
"7065",2
"7066",0
"7067",0
"7068",0
"7069",3
"7070",4
"7071",0
"7072",0
"7073",0
"7074",0
"7075",0
"7076",0
"7077",6
"7078",0
"7079",8
"7080",0
"7081",0
"7082",1
"7083",1
"7084",0
"7085",4
"7086",0
"7087",0
"7088",0
"7089",0
"7090",0
"7091",0
"7092",0
"7093",0
"7094",0
"7095",0
"7096",1
"7097",1
"7098",0
"7099",14
"7100",1
"7101",1
"7102",0
"7103",1
"7104",12
"7105",0
"7106",0
"7107",0
"7108",5
"7109",0
"7110",0
"7111",0
"7112",0
"7113",0
"7114",1
"7115",1
"7116",0
"7117",0
"7118",0
"7119",0
"7120",1
"7121",28
"7122",0
"7123",3
"7124",1
"7125",2
"7126",0
"7127",0
"7128",0
"7129",0
"7130",0
"7131",2
"7132",0
"7133",0
"7134",2
"7135",1
"7136",0
"7137",0
"7138",0
"7139",0
"7140",0
"7141",1
"7142",2
"7143",0
"7144",2
"7145",0
"7146",4
"7147",4
"7148",9
"7149",0
"7150",0
"7151",10
"7152",1
"7153",0
"7154",0
"7155",0
"7156",7
"7157",1
"7158",67
"7159",0
"7160",0
"7161",1
"7162",0
"7163",8
"7164",6
"7165",1
"7166",1
"7167",0
"7168",0
"7169",4
"7170",2
"7171",0
"7172",0
"7173",1
"7174",0
"7175",1
"7176",0
"7177",0
"7178",1
"7179",0
"7180",0
"7181",0
"7182",0
"7183",3
"7184",0
"7185",0
"7186",0
"7187",0
"7188",0
"7189",0
"7190",0
"7191",3
"7192",0
"7193",12
"7194",0
"7195",1
"7196",0
"7197",0
"7198",0
"7199",0
"7200",0
"7201",0
"7202",0
"7203",0
"7204",0
"7205",0
"7206",0
"7207",0
"7208",0
"7209",0
"7210",0
"7211",1
"7212",0
"7213",20
"7214",1
"7215",0
"7216",0
"7217",0
"7218",0
"7219",0
"7220",1
"7221",0
"7222",0
"7223",0
"7224",0
"7225",0
"7226",0
"7227",0
"7228",0
"7229",0
"7230",0
"7231",0
"7232",0
"7233",0
"7234",0
"7235",0
"7236",2
"7237",0
"7238",0
"7239",0
"7240",0
"7241",0
"7242",10
"7243",0
"7244",0
"7245",1
"7246",0
"7247",0
"7248",0
"7249",1
"7250",0
"7251",0
"7252",0
"7253",0
"7254",1
"7255",0
"7256",0
"7257",0
"7258",0
"7259",0
"7260",0
"7261",1
"7262",0
"7263",0
"7264",0
"7265",0
"7266",0
"7267",0
"7268",0
"7269",0
"7270",0
"7271",0
"7272",0
"7273",0
"7274",0
"7275",0
"7276",0
"7277",0
"7278",0
"7279",0
"7280",0
"7281",1
"7282",0
"7283",0
"7284",9
"7285",0
"7286",0
"7287",2
"7288",0
"7289",0
"7290",0
"7291",1
"7292",0
"7293",2
"7294",0
"7295",0
"7296",0
"7297",0
"7298",0
"7299",0
"7300",0
"7301",0
"7302",0
"7303",0
"7304",0
"7305",0
"7306",11
"7307",3
"7308",0
"7309",0
"7310",0
"7311",2
"7312",0
"7313",0
"7314",0
"7315",1
"7316",0
"7317",0
"7318",0
"7319",0
"7320",3
"7321",1
"7322",1
"7323",12
"7324",0
"7325",3
"7326",1
"7327",0
"7328",3
"7329",1
"7330",0
"7331",0
"7332",0
"7333",0
"7334",0
"7335",0
"7336",0
"7337",0
"7338",0
"7339",1
"7340",0
"7341",2
"7342",0
"7343",2
"7344",0
"7345",0
"7346",2
"7347",0
"7348",0
"7349",2
"7350",0
"7351",0
"7352",0
"7353",0
"7354",0
"7355",0
"7356",0
"7357",0
"7358",1
"7359",0
"7360",0
"7361",0
"7362",0
"7363",3
"7364",0
"7365",0
"7366",0
"7367",6
"7368",12
"7369",0
"7370",0
"7371",0
"7372",0
"7373",1
"7374",10
"7375",0
"7376",0
"7377",0
"7378",0
"7379",0
"7380",1
"7381",0
"7382",0
"7383",0
"7384",0
"7385",0
"7386",0
"7387",0
"7388",1
"7389",2
"7390",0
"7391",0
"7392",31
"7393",0
"7394",0
"7395",0
"7396",6
"7397",0
"7398",4
"7399",0
"7400",0
"7401",0
"7402",0
"7403",0
"7404",67
"7405",0
"7406",0
"7407",0
"7408",0
"7409",0
"7410",0
"7411",0
"7412",0
"7413",0
"7414",0
"7415",1
"7416",0
"7417",0
"7418",0
"7419",0
"7420",0
"7421",0
"7422",2
"7423",2
"7424",0
"7425",0
"7426",1
"7427",1
"7428",1
"7429",1
"7430",20
"7431",0
"7432",0
"7433",0
"7434",0
"7435",0
"7436",0
"7437",1
"7438",2
"7439",2
"7440",0
"7441",0
"7442",0
"7443",0
"7444",0
"7445",0
"7446",0
"7447",0
"7448",0
"7449",2
"7450",0
"7451",0
"7452",0
"7453",0
"7454",0
"7455",0
"7456",0
"7457",0
"7458",5
"7459",1
"7460",2
"7461",1
"7462",1
"7463",0
"7464",0
"7465",0
"7466",1
"7467",0
"7468",0
"7469",0
"7470",0
"7471",0
"7472",0
"7473",0
"7474",0
"7475",0
"7476",1
"7477",0
"7478",0
"7479",0
"7480",0
"7481",137
"7482",0
"7483",0
"7484",0
"7485",0
"7486",0
"7487",0
"7488",0
"7489",0
"7490",0
"7491",0
"7492",0
"7493",0
"7494",3
"7495",0
"7496",2
"7497",0
"7498",0
"7499",0
"7500",0
"7501",0
"7502",0
"7503",0
"7504",0
"7505",0
"7506",0
"7507",0
"7508",0
"7509",0
"7510",0
"7511",0
"7512",0
"7513",0
"7514",0
"7515",0
"7516",0
"7517",0
"7518",0
"7519",0
"7520",0
"7521",0
"7522",0
"7523",0
"7524",0
"7525",5
"7526",0
"7527",12
"7528",0
"7529",1
"7530",0
"7531",0
"7532",0
"7533",0
"7534",0
"7535",0
"7536",0
"7537",0
"7538",0
"7539",0
"7540",1
"7541",1
"7542",0
"7543",0
"7544",0
"7545",0
"7546",0
"7547",8
"7548",0
"7549",0
"7550",0
"7551",0
"7552",0
"7553",8
"7554",0
"7555",0
"7556",0
"7557",0
"7558",5
"7559",11
"7560",1
"7561",0
"7562",0
"7563",5
"7564",0
"7565",0
"7566",1
"7567",0
"7568",0
"7569",0
"7570",0
"7571",0
"7572",10
"7573",0
"7574",3
"7575",0
"7576",0
"7577",0
"7578",0
"7579",0
"7580",0
"7581",0
"7582",0
"7583",0
"7584",0
"7585",0
"7586",3
"7587",0
"7588",0
"7589",0
"7590",0
"7591",0
"7592",0
"7593",0
"7594",0
"7595",0
"7596",1
"7597",0
"7598",0
"7599",0
"7600",0
"7601",0
"7602",0
"7603",0
"7604",0
"7605",0
"7606",0
"7607",0
"7608",0
"7609",0
"7610",0
"7611",0
"7612",0
"7613",0
"7614",0
"7615",0
"7616",0
"7617",0
"7618",0
"7619",0
"7620",0
"7621",0
"7622",0
"7623",0
"7624",0
"7625",2
"7626",0
"7627",0
"7628",0
"7629",0
"7630",0
"7631",1
"7632",0
"7633",0
"7634",1
"7635",1
"7636",0
"7637",0
"7638",0
"7639",3
"7640",1
"7641",4
"7642",0
"7643",0
"7644",0
"7645",0
"7646",0
"7647",0
"7648",0
"7649",0
"7650",0
"7651",0
"7652",2
"7653",0
"7654",0
"7655",0
"7656",0
"7657",0
"7658",0
"7659",0
"7660",0
"7661",0
"7662",0
"7663",1
"7664",3
"7665",0
"7666",0
"7667",0
"7668",0
"7669",0
"7670",0
"7671",0
"7672",0
"7673",0
"7674",0
"7675",0
"7676",0
"7677",0
"7678",0
"7679",0
"7680",1
"7681",137
"7682",0
"7683",0
"7684",0
"7685",1
"7686",0
"7687",3
"7688",0
"7689",0
"7690",0
"7691",0
"7692",0
"7693",0
"7694",0
"7695",0
"7696",0
"7697",0
"7698",0
"7699",0
"7700",1
"7701",0
"7702",37
"7703",0
"7704",0
"7705",0
"7706",11
"7707",0
"7708",0
"7709",0
"7710",0
"7711",1
"7712",1
"7713",0
"7714",2
"7715",0
"7716",0
"7717",0
"7718",0
"7719",2
"7720",0
"7721",0
"7722",0
"7723",32
"7724",3
"7725",0
"7726",0
"7727",1
"7728",1
"7729",1
"7730",1
"7731",0
"7732",1
"7733",2
"7734",0
"7735",0
"7736",0
"7737",0
"7738",0
"7739",2
"7740",1
"7741",0
"7742",0
"7743",0
"7744",1
"7745",0
"7746",0
"7747",0
"7748",1
"7749",0
"7750",0
"7751",0
"7752",0
"7753",0
"7754",0
"7755",0
"7756",0
"7757",0
"7758",0
"7759",1
"7760",0
"7761",0
"7762",8
"7763",0
"7764",1
"7765",0
"7766",1
"7767",1
"7768",0
"7769",1
"7770",0
"7771",0
"7772",0
"7773",0
"7774",2
"7775",0
"7776",0
"7777",3
"7778",0
"7779",0
"7780",0
"7781",0
"7782",0
"7783",0
"7784",0
"7785",0
"7786",1
"7787",0
"7788",0
"7789",0
"7790",2
"7791",0
"7792",1
"7793",0
"7794",0
"7795",3
"7796",0
"7797",0
"7798",0
"7799",0
"7800",1
"7801",0
"7802",0
"7803",6
"7804",1
"7805",0
"7806",0
"7807",0
"7808",0
"7809",0
"7810",0
"7811",1
"7812",1
"7813",0
"7814",0
"7815",0
"7816",0
"7817",0
"7818",0
"7819",0
"7820",0
"7821",0
"7822",0
"7823",0
"7824",0
"7825",0
"7826",0
"7827",0
"7828",0
"7829",0
"7830",1
"7831",0
"7832",0
"7833",0
"7834",0
"7835",0
"7836",0
"7837",0
"7838",0
"7839",1
"7840",0
"7841",0
"7842",0
"7843",0
"7844",0
"7845",0
"7846",0
"7847",0
"7848",2
"7849",0
"7850",0
"7851",2
"7852",0
"7853",0
"7854",0
"7855",0
"7856",8
"7857",17
"7858",8
"7859",17
"7860",8
"7861",17
"7862",0
"7863",0
"7864",0
"7865",0
"7866",0
"7867",0
"7868",0
"7869",0
"7870",0
"7871",0
"7872",0
"7873",0
"7874",0
"7875",0
"7876",0
"7877",2
"7878",22
"7879",0
"7880",0
"7881",0
"7882",0
"7883",0
"7884",0
"7885",0
"7886",0
"7887",28
"7888",27
"7889",1
"7890",0
"7891",0
"7892",0
"7893",137
"7894",0
"7895",0
"7896",0
"7897",0
"7898",0
"7899",0
"7900",0
"7901",0
"7902",1
"7903",0
"7904",0
"7905",0
"7906",0
"7907",8
"7908",9
"7909",9
"7910",0
"7911",3
"7912",20
"7913",0
"7914",0
"7915",0
"7916",0
"7917",0
"7918",0
"7919",0
"7920",0
"7921",1
"7922",0
"7923",0
"7924",0
"7925",1
"7926",0
"7927",3
"7928",1
"7929",0
"7930",0
"7931",0
"7932",0
"7933",3
"7934",2
"7935",2
"7936",25
"7937",0
"7938",0
"7939",0
"7940",0
"7941",0
"7942",0
"7943",1
"7944",0
"7945",2
"7946",39
"7947",0
"7948",0
"7949",3
"7950",4
"7951",0
"7952",0
"7953",0
"7954",0
"7955",4
"7956",0
"7957",0
"7958",0
"7959",7
"7960",0
"7961",2
"7962",303
"7963",0
"7964",0
"7965",0
"7966",5
"7967",0
"7968",0
"7969",0
"7970",0
"7971",0
"7972",0
"7973",0
"7974",2
"7975",1
"7976",0
"7977",0
"7978",1
"7979",0
"7980",0
"7981",0
"7982",0
"7983",0
"7984",0
"7985",0
"7986",0
"7987",37
"7988",1
"7989",0
"7990",0
"7991",0
"7992",8
"7993",10
"7994",0
"7995",0
"7996",1
"7997",0
"7998",0
"7999",1
"8000",19
"8001",0
"8002",2
"8003",0
"8004",0
"8005",0
"8006",0
"8007",31
"8008",1
"8009",0
"8010",1
"8011",36
"8012",1
"8013",6
"8014",0
"8015",0
"8016",0
"8017",0
"8018",0
"8019",0
"8020",24
"8021",8
"8022",2
"8023",0
"8024",4
"8025",0
"8026",0
"8027",28
"8028",0
"8029",0
"8030",1
"8031",0
"8032",2
"8033",0
"8034",0
"8035",1
"8036",0
"8037",0
"8038",0
"8039",0
"8040",0
"8041",0
"8042",0
"8043",1
"8044",0
"8045",0
"8046",26
"8047",26
"8048",0
"8049",9
"8050",0
"8051",0
"8052",1
"8053",0
"8054",10
"8055",1
"8056",0
"8057",0
"8058",1
"8059",0
"8060",0
"8061",0
"8062",1
"8063",0
"8064",0
"8065",0
"8066",0
"8067",0
"8068",0
"8069",0
"8070",0
"8071",0
"8072",0
"8073",1
"8074",0
"8075",0
"8076",0
"8077",0
"8078",0
"8079",0
"8080",0
"8081",0
"8082",0
"8083",2
"8084",1
"8085",0
"8086",0
"8087",0
"8088",1
"8089",0
"8090",0
"8091",0
"8092",2
"8093",0
"8094",2
"8095",2
"8096",1
"8097",0
"8098",0
"8099",0
"8100",0
"8101",0
"8102",0
"8103",0
"8104",0
"8105",4
"8106",16
"8107",0
"8108",0
"8109",0
"8110",1
"8111",0
"8112",0
"8113",0
"8114",0
"8115",0
"8116",0
"8117",0
"8118",0
"8119",0
"8120",1
"8121",0
"8122",0
"8123",0
"8124",0
"8125",1
"8126",0
"8127",0
"8128",0
"8129",41
"8130",0
"8131",0
"8132",6
"8133",0
"8134",20
"8135",0
"8136",0
"8137",14
"8138",0
"8139",0
"8140",0
"8141",0
"8142",0
"8143",0
"8144",0
"8145",0
"8146",0
"8147",0
"8148",0
"8149",0
"8150",3
"8151",0
"8152",0
"8153",0
"8154",0
"8155",0
"8156",0
"8157",0
"8158",0
"8159",0
"8160",1
"8161",0
"8162",0
"8163",0
"8164",0
"8165",0
"8166",1
"8167",0
"8168",0
"8169",0
"8170",1
"8171",0
"8172",0
"8173",0
"8174",0
"8175",1
"8176",0
"8177",0
"8178",22
"8179",1
"8180",0
"8181",0
"8182",0
"8183",0
"8184",0
"8185",0
"8186",0
"8187",1
"8188",0
"8189",0
"8190",0
"8191",0
"8192",1
"8193",0
"8194",0
"8195",1
"8196",0
"8197",0
"8198",0
"8199",2
"8200",0
"8201",0
"8202",0
"8203",0
"8204",3
"8205",0
"8206",1
"8207",0
"8208",0
"8209",0
"8210",11
"8211",0
"8212",0
"8213",0
"8214",0
"8215",0
"8216",0
"8217",0
"8218",0
"8219",0
"8220",0
"8221",1
"8222",0
"8223",0
"8224",0
"8225",0
"8226",0
"8227",0
"8228",0
"8229",0
"8230",1
"8231",40
"8232",0
"8233",0
"8234",0
"8235",0
"8236",0
"8237",0
"8238",0
"8239",0
"8240",1
"8241",0
"8242",0
"8243",0
"8244",0
"8245",1
"8246",16
"8247",0
"8248",0
"8249",0
"8250",0
"8251",0
"8252",0
"8253",0
"8254",0
"8255",0
"8256",0
"8257",0
"8258",0
"8259",3
"8260",0
"8261",3
"8262",12
"8263",0
"8264",6
"8265",0
"8266",0
"8267",0
"8268",0
"8269",0
"8270",0
"8271",4
"8272",0
"8273",0
"8274",0
"8275",0
"8276",8
"8277",0
"8278",0
"8279",0
"8280",26
"8281",1
"8282",4
"8283",0
"8284",0
"8285",0
"8286",0
"8287",0
"8288",0
"8289",0
"8290",0
"8291",0
"8292",1
"8293",0
"8294",0
"8295",0
"8296",0
"8297",8
"8298",10
"8299",2
"8300",1
"8301",1
"8302",0
"8303",0
"8304",6
"8305",2
"8306",0
"8307",0
"8308",0
"8309",0
"8310",0
"8311",8
"8312",0
"8313",0
"8314",0
"8315",2
"8316",8
"8317",3
"8318",0
"8319",0
"8320",0
"8321",0
"8322",10
"8323",0
"8324",0
"8325",0
"8326",0
"8327",0
"8328",0
"8329",0
"8330",5
"8331",0
"8332",0
"8333",0
"8334",0
"8335",0
"8336",1
"8337",18
"8338",1
"8339",0
"8340",1
"8341",0
"8342",0
"8343",0
"8344",1
"8345",0
"8346",0
"8347",0
"8348",0
"8349",0
"8350",4
"8351",2
"8352",0
"8353",7
"8354",0
"8355",0
"8356",0
"8357",0
"8358",0
"8359",1
"8360",0
"8361",0
"8362",0
"8363",0
"8364",0
"8365",1
"8366",0
"8367",0
"8368",0
"8369",0
"8370",0
"8371",1
"8372",2
"8373",0
"8374",0
"8375",0
"8376",0
"8377",0
"8378",0
"8379",0
"8380",0
"8381",0
"8382",0
"8383",0
"8384",10
"8385",0
"8386",0
"8387",0
"8388",0
"8389",0
"8390",0
"8391",0
"8392",0
"8393",17
"8394",0
"8395",0
"8396",0
"8397",0
"8398",1
"8399",1
"8400",0
"8401",0
"8402",4
"8403",1
"8404",0
"8405",584
"8406",2
"8407",0
"8408",0
"8409",0
"8410",4
"8411",0
"8412",0
"8413",0
"8414",0
"8415",0
"8416",0
"8417",3
"8418",1
"8419",1
"8420",0
"8421",1
"8422",0
"8423",0
"8424",0
"8425",3
"8426",0
"8427",0
"8428",0
"8429",0
"8430",2
"8431",0
"8432",0
"8433",1
"8434",0
"8435",0
"8436",0
"8437",0
"8438",2
"8439",0
"8440",3
"8441",0
"8442",0
"8443",1
"8444",0
"8445",1
"8446",0
"8447",0
"8448",0
"8449",0
"8450",0
"8451",17
"8452",1
"8453",8
"8454",1
"8455",106
"8456",0
"8457",1
"8458",1
"8459",0
"8460",0
"8461",26
"8462",0
"8463",0
"8464",0
"8465",1
"8466",1
"8467",0
"8468",0
"8469",0
"8470",1
"8471",0
"8472",0
"8473",0
"8474",0
"8475",0
"8476",0
"8477",0
"8478",0
"8479",0
"8480",0
"8481",0
"8482",2
"8483",0
"8484",1
"8485",0
"8486",0
"8487",26
"8488",0
"8489",0
"8490",0
"8491",0
"8492",0
"8493",0
"8494",0
"8495",0
"8496",10
"8497",0
"8498",0
"8499",0
"8500",0
"8501",0
"8502",0
"8503",0
"8504",0
"8505",0
"8506",6
"8507",0
"8508",0
"8509",0
"8510",0
"8511",0
"8512",0
"8513",0
"8514",0
"8515",0
"8516",0
"8517",0
"8518",0
"8519",0
"8520",0
"8521",0
"8522",0
"8523",0
"8524",2
"8525",1
"8526",0
"8527",0
"8528",0
"8529",0
"8530",6
"8531",0
"8532",0
"8533",0
"8534",0
"8535",0
"8536",0
"8537",0
"8538",1
"8539",0
"8540",0
"8541",12
"8542",0
"8543",3
"8544",0
"8545",0
"8546",0
"8547",0
"8548",0
"8549",1
"8550",3
"8551",0
"8552",0
"8553",0
"8554",0
"8555",0
"8556",0
"8557",0
"8558",0
"8559",0
"8560",2
"8561",0
"8562",0
"8563",0
"8564",0
"8565",0
"8566",0
"8567",5
"8568",1
"8569",41
"8570",0
"8571",0
"8572",1
"8573",2
"8574",0
"8575",1
"8576",0
"8577",1
"8578",0
"8579",0
"8580",0
"8581",1
"8582",0
"8583",0
"8584",6
"8585",0
"8586",0
"8587",0
"8588",1
"8589",0
"8590",0
"8591",0
"8592",5
"8593",0
"8594",0
"8595",0
"8596",0
"8597",0
"8598",14
"8599",0
"8600",0
"8601",0
"8602",0
"8603",0
"8604",0
"8605",0
"8606",0
"8607",0
"8608",0
"8609",0
"8610",0
"8611",0
"8612",0
"8613",0
"8614",0
"8615",0
"8616",12
"8617",14
"8618",0
"8619",0
"8620",0
"8621",0
"8622",3
"8623",0
"8624",0
"8625",1
"8626",0
"8627",0
"8628",0
"8629",0
"8630",0
"8631",16
"8632",0
"8633",0
"8634",0
"8635",0
"8636",0
"8637",0
"8638",0
"8639",0
"8640",0
"8641",0
"8642",0
"8643",22
"8644",0
"8645",2
"8646",0
"8647",0
"8648",2
"8649",2
"8650",0
"8651",0
"8652",0
"8653",0
"8654",0
"8655",0
"8656",2
"8657",0
"8658",1
"8659",1
"8660",0
"8661",0
"8662",1
"8663",0
"8664",0
"8665",12
"8666",0
"8667",3
"8668",0
"8669",0
"8670",0
"8671",0
"8672",2
"8673",0
"8674",2
"8675",0
"8676",21
"8677",0
"8678",0
"8679",3
"8680",1
"8681",0
"8682",0
"8683",0
"8684",0
"8685",14
"8686",3
"8687",0
"8688",0
"8689",0
"8690",0
"8691",0
"8692",0
"8693",0
"8694",14
"8695",0
"8696",3
"8697",0
"8698",3
"8699",12
"8700",1
"8701",1
"8702",0
"8703",25
"8704",0
"8705",0
"8706",0
"8707",0
"8708",0
"8709",0
"8710",0
"8711",0
"8712",6
"8713",30
"8714",4
"8715",0
"8716",0
"8717",0
"8718",0
"8719",0
"8720",1
"8721",2
"8722",0
"8723",0
"8724",0
"8725",0
"8726",0
"8727",8
"8728",0
"8729",0
"8730",0
"8731",0
"8732",0
"8733",0
"8734",1
"8735",0
"8736",0
"8737",0
"8738",10
"8739",1
"8740",2
"8741",0
"8742",0
"8743",0
"8744",0
"8745",1
"8746",16
"8747",3
"8748",0
"8749",1
"8750",0
"8751",0
"8752",0
"8753",0
"8754",0
"8755",0
"8756",0
"8757",0
"8758",0
"8759",2
"8760",0
"8761",0
"8762",0
"8763",0
"8764",1
"8765",0
"8766",0
"8767",0
"8768",0
"8769",0
"8770",0
"8771",0
"8772",1
"8773",0
"8774",40
"8775",0
"8776",2
"8777",0
"8778",17
"8779",0
"8780",17
"8781",0
"8782",17
"8783",0
"8784",0
"8785",0
"8786",0
"8787",0
"8788",1
"8789",0
"8790",0
"8791",0
"8792",0
"8793",0
"8794",2
"8795",22
"8796",0
"8797",0
"8798",0
"8799",0
"8800",0
"8801",0
"8802",0
"8803",0
"8804",0
"8805",28
"8806",0
"8807",3
"8808",1
"8809",0
"8810",0
"8811",0
"8812",3
"8813",0
"8814",0
"8815",1
"8816",7
"8817",0
"8818",0
"8819",0
"8820",0
"8821",0
"8822",13
"8823",28
"8824",0
"8825",28
"8826",0
"8827",0
"8828",0
"8829",8
"8830",0
"8831",0
"8832",0
"8833",0
"8834",0
"8835",4
"8836",0
"8837",584
"8838",0
"8839",0
"8840",0
"8841",0
"8842",1
"8843",1
"8844",0
"8845",2
"8846",14
"8847",0
"8848",0
"8849",0
"8850",0
"8851",0
"8852",1
"8853",3
"8854",0
"8855",0
"8856",0
"8857",0
"8858",0
"8859",0
"8860",0
"8861",0
"8862",6
"8863",0
"8864",0
"8865",6
"8866",0
"8867",0
"8868",0
"8869",0
"8870",1
"8871",0
"8872",0
"8873",39
"8874",0
"8875",0
"8876",0
"8877",0
"8878",0
"8879",0
"8880",7
"8881",4
"8882",4
"8883",1
"8884",0
"8885",0
"8886",1
"8887",0
"8888",0
"8889",0
"8890",0
"8891",0
"8892",0
"8893",0
"8894",1
"8895",6
"8896",0
"8897",6
"8898",14
"8899",0
"8900",1
"8901",0
"8902",0
"8903",0
"8904",0
"8905",0
"8906",0
"8907",1
"8908",18
"8909",0
"8910",0
"8911",0
"8912",0
"8913",0
"8914",7
"8915",7
"8916",13
"8917",53
"8918",0
"8919",1
"8920",7
"8921",2
"8922",0
"8923",0
"8924",4
"8925",0
"8926",0
"8927",0
"8928",0
"8929",0
"8930",8
"8931",0
"8932",0
"8933",0
"8934",10
"8935",3
"8936",0
"8937",0
"8938",0
"8939",0
"8940",0
"8941",41
"8942",2
"8943",4
"8944",0
"8945",0
"8946",1
"8947",0
"8948",0
"8949",0
"8950",0
"8951",0
"8952",9
"8953",36
"8954",0
"8955",0
"8956",0
"8957",0
"8958",0
"8959",24
"8960",0
"8961",8
"8962",0
"8963",3
"8964",3
"8965",0
"8966",1
"8967",0
"8968",13
"8969",0
"8970",0
"8971",0
"8972",0
"8973",0
"8974",0
"8975",0
"8976",0
"8977",0
"8978",0
"8979",1
"8980",0
"8981",26
"8982",0
"8983",0
"8984",3
"8985",0
"8986",0
"8987",0
"8988",0
"8989",0
"8990",0
"8991",12
"8992",4
"8993",0
"8994",0
"8995",0
"8996",1
"8997",0
"8998",0
"8999",0
"9000",0
"9001",0
"9002",1
"9003",0
"9004",0
"9005",28
"9006",0
"9007",0
"9008",0
"9009",0
"9010",0
"9011",0
"9012",0
"9013",0
"9014",0
"9015",0
"9016",0
"9017",0
"9018",0
"9019",0
"9020",0
"9021",0
"9022",0
"9023",0
"9024",0
"9025",0
"9026",0
"9027",0
"9028",0
"9029",40
"9030",0
"9031",0
"9032",0
"9033",0
"9034",0
"9035",0
"9036",0
"9037",0
"9038",0
"9039",0
"9040",0
"9041",0
"9042",0
"9043",0
"9044",0
"9045",0
"9046",0
"9047",52
"9048",2
"9049",0
"9050",2
"9051",2
"9052",0
"9053",0
"9054",0
"9055",0
"9056",0
"9057",0
"9058",0
"9059",0
"9060",0
"9061",0
"9062",0
"9063",0
"9064",0
"9065",1
"9066",2
"9067",50
"9068",0
"9069",0
"9070",0
"9071",0
"9072",0
"9073",0
"9074",0
"9075",0
"9076",0
"9077",0
"9078",0
"9079",0
"9080",0
"9081",0
"9082",6
"9083",0
"9084",0
"9085",1
"9086",0
"9087",0
"9088",0
"9089",0
"9090",0
"9091",0
"9092",0
"9093",0
"9094",0
"9095",0
"9096",0
"9097",0
"9098",0
"9099",0
"9100",0
"9101",0
"9102",0
"9103",1
"9104",0
"9105",0
"9106",13
"9107",0
"9108",0
"9109",0
"9110",0
"9111",0
"9112",0
"9113",0
"9114",0
"9115",0
"9116",1
"9117",0
"9118",0
"9119",0
"9120",0
"9121",0
"9122",0
"9123",0
"9124",0
"9125",0
"9126",0
"9127",0
"9128",4
"9129",0
"9130",0
"9131",0
"9132",0
"9133",0
"9134",0
"9135",0
"9136",0
"9137",1
"9138",0
"9139",0
"9140",0
"9141",0
"9142",0
"9143",8
"9144",14
"9145",10
"9146",0
"9147",6
"9148",0
"9149",0
"9150",0
"9151",0
"9152",0
"9153",1
"9154",1
"9155",0
"9156",0
"9157",0
"9158",0
"9159",0
"9160",0
"9161",0
"9162",4
"9163",0
"9164",1
"9165",0
"9166",0
"9167",0
"9168",0
"9169",0
"9170",6
"9171",0
"9172",10
"9173",0
"9174",0
"9175",5
"9176",2
"9177",0
"9178",0
"9179",0
"9180",0
"9181",0
"9182",0
"9183",0
"9184",0
"9185",1
"9186",0
"9187",0
"9188",0
"9189",0
"9190",0
"9191",1
"9192",2
"9193",0
"9194",2
"9195",0
"9196",0
"9197",2
"9198",0
"9199",0
"9200",0
"9201",4
"9202",26
"9203",0
"9204",2
"9205",0
"9206",0
"9207",0
"9208",1
"9209",1
"9210",8
"9211",0
"9212",18
"9213",18
"9214",0
"9215",2
"9216",0
"9217",0
"9218",25
"9219",0
"9220",0
"9221",10
"9222",0
"9223",6
"9224",0
"9225",0
"9226",0
"9227",12
"9228",18
"9229",1
"9230",0
"9231",0
"9232",0
"9233",0
"9234",0
"9235",4
"9236",2
"9237",0
"9238",0
"9239",0
"9240",0
"9241",0
"9242",2
"9243",0
"9244",0
"9245",0
"9246",0
"9247",0
"9248",0
"9249",0
"9250",4
"9251",1
"9252",0
"9253",0
"9254",0
"9255",0
"9256",0
"9257",0
"9258",0
"9259",0
"9260",0
"9261",0
"9262",0
"9263",8
"9264",0
"9265",0
"9266",18
"9267",0
"9268",24
"9269",0
"9270",0
"9271",0
"9272",0
"9273",0
"9274",0
"9275",1
"9276",0
"9277",0
"9278",0
"9279",0
"9280",0
"9281",0
"9282",0
"9283",0
"9284",0
"9285",14
"9286",0
"9287",0
"9288",50
"9289",53
"9290",5
"9291",0
"9292",0
"9293",0
"9294",0
"9295",0
"9296",0
"9297",0
"9298",2
"9299",0
"9300",0
"9301",0
"9302",0
"9303",0
"9304",0
"9305",2
"9306",0
"9307",0
"9308",0
"9309",0
"9310",0
"9311",0
"9312",0
"9313",0
"9314",0
"9315",2
"9316",3
"9317",0
"9318",0
"9319",0
"9320",0
"9321",1
"9322",1
"9323",1
"9324",2
"9325",0
"9326",16
"9327",54
"9328",3
"9329",0
"9330",0
"9331",0
"9332",0
"9333",0
"9334",0
"9335",0
"9336",0
"9337",0
"9338",4
"9339",0
"9340",0
"9341",0
"9342",2
"9343",1
"9344",0
"9345",0
"9346",24
"9347",0
"9348",0
"9349",0
"9350",6
"9351",0
"9352",0
"9353",1
"9354",0
"9355",0
"9356",0
"9357",0
"9358",0
"9359",0
"9360",0
"9361",0
"9362",0
"9363",4
"9364",0
"9365",0
"9366",2
"9367",1
"9368",1
"9369",0
"9370",0
"9371",1
"9372",0
"9373",0
"9374",0
"9375",0
"9376",0
"9377",0
"9378",0
"9379",0
"9380",0
"9381",0
"9382",0
"9383",0
"9384",0
"9385",1
"9386",0
"9387",0
"9388",0
"9389",0
"9390",0
"9391",0
"9392",0
"9393",1
"9394",0
"9395",0
"9396",1
"9397",0
"9398",1
"9399",0
"9400",1
"9401",28
"9402",14
"9403",0
"9404",0
"9405",0
"9406",0
"9407",6
"9408",0
"9409",0
"9410",0
"9411",0
"9412",14
"9413",30
"9414",0
"9415",0
"9416",0
"9417",1
"9418",0
"9419",0
"9420",0
"9421",0
"9422",0
"9423",0
"9424",0
"9425",14
"9426",0
"9427",0
"9428",0
"9429",0
"9430",0
"9431",0
"9432",0
"9433",0
"9434",0
"9435",2
"9436",16
"9437",4
"9438",0
"9439",2
"9440",9
"9441",0
"9442",0
"9443",0
"9444",2
"9445",0
"9446",0
"9447",0
"9448",0
"9449",0
"9450",0
"9451",0
"9452",0
"9453",2
"9454",1
"9455",0
"9456",0
"9457",0
"9458",0
"9459",0
"9460",2
"9461",0
"9462",11
"9463",2
"9464",0
"9465",26
"9466",1
"9467",0
"9468",0
"9469",0
"9470",0
"9471",0
"9472",12
"9473",0
"9474",0
"9475",0
"9476",0
"9477",0
"9478",0
"9479",0
"9480",0
"9481",0
"9482",0
"9483",7
"9484",0
"9485",0
"9486",0
"9487",0
"9488",0
"9489",1
"9490",26
"9491",26
"9492",16
"9493",0
"9494",0
"9495",0
"9496",0
"9497",1
"9498",0
"9499",0
"9500",6
"9501",18
"9502",0
"9503",28
"9504",0
"9505",0
"9506",0
"9507",0
"9508",0
"9509",34
"9510",4
"9511",2
"9512",0
"9513",28
"9514",0
"9515",2
"9516",3
"9517",0
"9518",0
"9519",17
"9520",0
"9521",0
"9522",0
"9523",14
"9524",0
"9525",0
"9526",0
"9527",0
"9528",0
"9529",1
"9530",0
"9531",0
"9532",2
"9533",0
"9534",0
"9535",4
"9536",0
"9537",0
"9538",0
"9539",0
"9540",0
"9541",0
"9542",0
"9543",14
"9544",40
"9545",0
"9546",0
"9547",0
"9548",0
"9549",0
"9550",0
"9551",0
"9552",0
"9553",0
"9554",0
"9555",0
"9556",0
"9557",0
"9558",0
"9559",0
"9560",1
"9561",0
"9562",0
"9563",1
"9564",14
"9565",5
"9566",0
"9567",0
"9568",28
"9569",37
"9570",0
"9571",0
"9572",3
"9573",1
"9574",0
"9575",0
"9576",0
"9577",0
"9578",0
"9579",0
"9580",1
"9581",0
"9582",0
"9583",28
"9584",0
"9585",0
"9586",28
"9587",0
"9588",0
"9589",0
"9590",0
"9591",0
"9592",0
"9593",0
"9594",0
"9595",0
"9596",0
"9597",0
"9598",0
"9599",0
"9600",0
"9601",0
"9602",16
"9603",0
"9604",0
"9605",0
"9606",16
"9607",1
"9608",0
"9609",0
"9610",0
"9611",0
"9612",0
"9613",0
"9614",0
"9615",0
"9616",0
"9617",0
"9618",0
"9619",0
"9620",6
"9621",0
"9622",0
"9623",13
"9624",0
"9625",0
"9626",0
"9627",0
"9628",0
"9629",0
"9630",1
"9631",0
"9632",34
"9633",0
"9634",0
"9635",0
"9636",0
"9637",0
"9638",0
"9639",0
"9640",7
"9641",12
"9642",2
"9643",0
"9644",0
"9645",14
"9646",0
"9647",1
"9648",1
"9649",0
"9650",44
"9651",0
"9652",17
"9653",0
"9654",0
"9655",0
"9656",13
"9657",2
"9658",0
"9659",0
"9660",0
"9661",0
"9662",0
"9663",0
"9664",9
"9665",0
"9666",0
"9667",0
"9668",0
"9669",25
"9670",0
"9671",0
"9672",6
"9673",0
"9674",0
"9675",28
"9676",0
"9677",19
"9678",6
"9679",11
"9680",0
"9681",0
"9682",2
"9683",3
"9684",0
"9685",0
"9686",0
"9687",0
"9688",0
"9689",0
"9690",1
"9691",0
"9692",0
"9693",0
"9694",0
"9695",0
"9696",17
"9697",6
"9698",16
"9699",0
"9700",16
"9701",0
"9702",25
"9703",25
"9704",0
"9705",0
"9706",0
"9707",0
"9708",16
"9709",3
"9710",0
"9711",4
"9712",0
"9713",0
"9714",13
"9715",4
"9716",4
"9717",0
"9718",4
"9719",4
"9720",0
"9721",0
"9722",0
"9723",0
"9724",0
"9725",0
"9726",0
"9727",22
"9728",0
"9729",3
"9730",0
"9731",0
"9732",0
"9733",40
"9734",0
"9735",0
"9736",12
"9737",0
"9738",0
"9739",37
"9740",0
"9741",12
"9742",0
"9743",0
"9744",0
"9745",0
"9746",44
"9747",2
"9748",0
"9749",0
"9750",0
"9751",0
"9752",0
"9753",0
"9754",0
"9755",0
"9756",33
"9757",0
"9758",1
"9759",0
"9760",52
"9761",0
"9762",0
"9763",0
"9764",0
"9765",0
"9766",0
"9767",0
"9768",0
"9769",0
"9770",0
"9771",0
"9772",50
"9773",0
"9774",0
"9775",0
"9776",0
"9777",0
"9778",0
"9779",0
"9780",0
"9781",0
"9782",0
"9783",33
"9784",0
"9785",49
"9786",0
"9787",0
"9788",0
"9789",0
"9790",0
"9791",4
"9792",0
"9793",6
"9794",0
"9795",1
"9796",5
"9797",0
"9798",0
"9799",0
"9800",0
"9801",0
"9802",18
"9803",0
"9804",0
"9805",0
"9806",0
"9807",0
"9808",0
"9809",0
"9810",0
"9811",1
"9812",0
"9813",4
"9814",14
"9815",0
"9816",0
"9817",0
"9818",5
"9819",0
"9820",0
"9821",0
"9822",0
"9823",0
"9824",0
"9825",0
"9826",19
"9827",0
"9828",0
"9829",17
"9830",10
"9831",0
"9832",16
"9833",1
"9834",12
"9835",0
"9836",0
"9837",0
"9838",0
"9839",0
"9840",0
"9841",16
"9842",0
"9843",0
"9844",16
"9845",3
"9846",0
"9847",0
"9848",1
"9849",2
"9850",0
"9851",1
"9852",0
"9853",0
"9854",0
"9855",0
"9856",2
"9857",0
"9858",2
"9859",14
"9860",0
"9861",2
"9862",0
"9863",0
"9864",0
"9865",0
"9866",0
"9867",0
"9868",1
"9869",0
"9870",0
"9871",0
"9872",0
"9873",21
"9874",0
"9875",0
"9876",0
"9877",36
"9878",0
"9879",49
"9880",0
"9881",0
"9882",0
"9883",0
"9884",0
"9885",0
"9886",0
"9887",0
"9888",18
"9889",0
"9890",18
"9891",0
"9892",1
"9893",9
"9894",0
"9895",0
"9896",0
"9897",14
"9898",19
"9899",19
"9900",0
"9901",0
"9902",0
"9903",0
"9904",4
"9905",18
"9906",0
"9907",1
"9908",12
"9909",0
"9910",0
"9911",4
"9912",2
"9913",0
"9914",0
"9915",4
"9916",0
"9917",0
"9918",0
"9919",3
"9920",82
"9921",82
"9922",0
"9923",1
"9924",0
"9925",50
"9926",53
"9927",5
"9928",0
"9929",106
"9930",0
"9931",0
"9932",0
"9933",0
"9934",0
"9935",122
"9936",0
"9937",0
"9938",0
"9939",0
"9940",0
"9941",0
"9942",0
"9943",17
"9944",0
"9945",0
"9946",0
"9947",0
"9948",0
"9949",1
"9950",2
"9951",0
"9952",0
"9953",0
"9954",0
"9955",0
"9956",0
"9957",0
"9958",0
"9959",0
"9960",6
"9961",0
"9962",0
"9963",0
"9964",0
"9965",0
"9966",0
"9967",4
"9968",2
"9969",33
"9970",28
"9971",0
"9972",0
"9973",0
"9974",4
"9975",0
"9976",0
"9977",0
"9978",1
"9979",1
"9980",0
"9981",0
"9982",0
"9983",0
"9984",0
"9985",0
"9986",1
"9987",0
"9988",0
"9989",0
"9990",0
"9991",0
"9992",0
"9993",0
"9994",0
"9995",6
"9996",0
"9997",0
"9998",10
"9999",0
"10000",0
"10001",0
"10002",0
"10003",0
"10004",6
"10005",5
"10006",10
"10007",0
"10008",0
"10009",30
"10010",0
"10011",14
"10012",0
"10013",0
"10014",5
"10015",0
"10016",0
"10017",0
"10018",18
"10019",0
"10020",0
"10021",0
"10022",0
"10023",0
"10024",0
"10025",0
"10026",1
"10027",0
"10028",0
"10029",0
"10030",0
"10031",0
"10032",0
"10033",0
"10034",0
"10035",0
"10036",0
"10037",0
"10038",0
"10039",3
"10040",82
"10041",0
"10042",0
"10043",0
"10044",33
"10045",0
"10046",0
"10047",0
"10048",0
"10049",0
"10050",0
"10051",0
"10052",0
"10053",0
"10054",0
"10055",6
"10056",14
"10057",33
"10058",0
"10059",0
"10060",0
"10061",0
"10062",0
"10063",0
"10064",11
"10065",17
"10066",0
"10067",0
"10068",0
"10069",1
"10070",0
"10071",1
"10072",29
"10073",0
"10074",0
"10075",0
"10076",0
"10077",0
"10078",18
"10079",0
"10080",0
"10081",28
"10082",0
"10083",0
"10084",0
"10085",0
"10086",0
"10087",2
"10088",0
"10089",4
"10090",2
"10091",14
"10092",0
"10093",0
"10094",0
"10095",0
"10096",0
"10097",0
"10098",0
"10099",0
"10100",0
"10101",0
"10102",0
"10103",0
"10104",0
"10105",0
"10106",0
"10107",0
"10108",0
"10109",0
"10110",0
"10111",0
"10112",0
"10113",0
"10114",3
"10115",0
"10116",0
"10117",0
"10118",0
"10119",0
"10120",0
"10121",0
"10122",3
"10123",0
"10124",1
"10125",0
"10126",0
"10127",1
"10128",0
"10129",0
"10130",0
"10131",0
"10132",0
"10133",14
"10134",0
"10135",0
"10136",0
"10137",0
"10138",0
"10139",0
"10140",0
"10141",0
"10142",0
"10143",0
"10144",16
"10145",0
"10146",0
"10147",0
"10148",0
"10149",0
"10150",0
"10151",0
"10152",0
"10153",0
"10154",1
"10155",0
"10156",0
"10157",0
"10158",10
"10159",0
"10160",0
"10161",0
"10162",2
"10163",0
"10164",0
"10165",5
"10166",0
"10167",13
"10168",0
"10169",0
"10170",10
"10171",0
"10172",0
"10173",0
"10174",0
"10175",0
"10176",0
"10177",0
"10178",0
"10179",0
"10180",0
"10181",0
"10182",0
"10183",0
"10184",12
"10185",2
"10186",0
"10187",11
"10188",44
"10189",0
"10190",0
"10191",1
"10192",0
"10193",0
"10194",0
"10195",1
"10196",0
"10197",1
"10198",0
"10199",0
"10200",0
"10201",3
"10202",0
"10203",28
"10204",0
"10205",0
"10206",0
"10207",0
"10208",0
"10209",19
"10210",0
"10211",0
"10212",0
"10213",0
"10214",0
"10215",0
"10216",0
"10217",0
"10218",0
"10219",24
"10220",0
"10221",16
"10222",0
"10223",0
"10224",0
"10225",0
"10226",25
"10227",0
"10228",0
"10229",0
"10230",0
"10231",0
"10232",0
"10233",0
"10234",1
"10235",0
"10236",0
"10237",0
"10238",0
"10239",0
"10240",0
"10241",12
"10242",0
"10243",0
"10244",0
"10245",0
"10246",0
"10247",0
"10248",44
"10249",0
"10250",0
"10251",0
"10252",0
"10253",33
"10254",6
"10255",0
"10256",0
"10257",0
"10258",14
"10259",20
"10260",0
"10261",0
"10262",4
"10263",0
"10264",0
"10265",0
"10266",0
"10267",0
"10268",0
"10269",0
"10270",0
"10271",0
"10272",0
"10273",0
"10274",0
"10275",0
"10276",49
"10277",0
"10278",0
"10279",0
"10280",0
"10281",0
"10282",0
"10283",0
"10284",5
"10285",0
"10286",0
"10287",0
"10288",18
"10289",0
"10290",0
"10291",0
"10292",0
"10293",14
"10294",0
"10295",2
"10296",0
"10297",0
"10298",0
"10299",0
"10300",1
"10301",0
"10302",17
"10303",1
"10304",12
"10305",16
"10306",0
"10307",0
"10308",1
"10309",0
"10310",0
"10311",0
"10312",0
"10313",0
"10314",11
"10315",0
"10316",3
"10317",0
"10318",0
"10319",0
"10320",0
"10321",0
"10322",0
"10323",14
"10324",2
"10325",0
"10326",0
"10327",0
"10328",0
"10329",0
"10330",0
"10331",0
"10332",0
"10333",36
"10334",49
"10335",0
"10336",0
"10337",0
"10338",0
"10339",0
"10340",0
"10341",0
"10342",0
"10343",0
"10344",0
"10345",0
"10346",0
"10347",0
"10348",18
"10349",0
"10350",9
"10351",0
"10352",0
"10353",0
"10354",0
"10355",0
"10356",0
"10357",14
"10358",0
"10359",0
"10360",2
"10361",0
"10362",19
"10363",19
"10364",0
"10365",0
"10366",0
"10367",0
"10368",12
"10369",0
"10370",0
"10371",4
"10372",0
"10373",1
"10374",82
"10375",0
"10376",1
"10377",0
"10378",0
"10379",0
"10380",0
"10381",6
"10382",0
"10383",0
"10384",0
"10385",0
"10386",1
"10387",0
"10388",106
"10389",122
"10390",0
"10391",0
"10392",0
"10393",0
"10394",0
"10395",0
"10396",0
"10397",0
"10398",0
"10399",0
"10400",0
"10401",0
"10402",0
"10403",0
"10404",0
"10405",0
"10406",0
"10407",0
"10408",0
"10409",0
"10410",0
"10411",0
"10412",0
"10413",0
"10414",0
"10415",0
"10416",0
"10417",0
"10418",0
"10419",0
"10420",0
"10421",0
"10422",0
"10423",0
"10424",0
"10425",0
"10426",0
"10427",0
"10428",0
"10429",0
"10430",0
"10431",0
"10432",0
"10433",0
"10434",0
"10435",0
"10436",0
"10437",0
"10438",0
"10439",0
"10440",0
"10441",0
"10442",0
"10443",0
"10444",0
"10445",0
"10446",0
"10447",0
"10448",0
"10449",0
"10450",0
"10451",0
"10452",0
"10453",0
"10454",0
"10455",0
"10456",0
"10457",0
"10458",0
"10459",0
"10460",0
"10461",0
"10462",0
"10463",0
"10464",0
"10465",0
"10466",0
"10467",0
"10468",0
"10469",0
"10470",0
"10471",0
"10472",0
"10473",0
"10474",0
"10475",0
"10476",0
"10477",0
"10478",0
"10479",0
"10480",0
"10481",0
"10482",0
"10483",0
"10484",0
"10485",0
"10486",0
"10487",0
"10488",0
"10489",0
"10490",0
"10491",0
"10492",0
"10493",33
"10494",0
"10495",0
"10496",0
"10497",0
"10498",0
"10499",0
"10500",0
"10501",0
"10502",0
"10503",0
"10504",0
"10505",0
"10506",2
"10507",33
"10508",0
"10509",0
"10510",0
"10511",0
"10512",0
"10513",0
"10514",2
"10515",0
"10516",0
"10517",0
"10518",0
"10519",0
"10520",0
"10521",0
"10522",0
"10523",0
"10524",2
"10525",0
"10526",0
"10527",10
"10528",5
"10529",0
"10530",0
"10531",18
"10532",0
"10533",0
"10534",0
"10535",0
"10536",0
"10537",0
"10538",1
"10539",0
"10540",0
"10541",0
"10542",3
"10543",0
"10544",0
"10545",0
"10546",0
"10547",0
"10548",0
"10549",0
"10550",0
"10551",0
"10552",0
"10553",0
"10554",0
"10555",0
"10556",0
"10557",0
"10558",33
"10559",0
"10560",0
"10561",0
"10562",0
"10563",0
"10564",0
"10565",0
"10566",0
"10567",0
"10568",0
"10569",0
"10570",14
"10571",4
"10572",33
"10573",0
"10574",0
"10575",0
"10576",0
"10577",0
"10578",0
"10579",11
"10580",0
"10581",0
"10582",0
"10583",0
"10584",0
"10585",0
"10586",0
"10587",0
"10588",2
"10589",0
"10590",29
"10591",0
"10592",2
"10593",0
"10594",0
"10595",0
"10596",0
"10597",0
"10598",0
"10599",0
"10600",0
"10601",0
"10602",0
"10603",0
"10604",0
"10605",0
"10606",0
"10607",2
"10608",0
"10609",0
"10610",0
"10611",0
"10612",0
"10613",0
"10614",0
"10615",0
"10616",0
"10617",0
"10618",0
"10619",0
"10620",0
"10621",0
"10622",0
"10623",0
"10624",0
"10625",0
"10626",0
"10627",0
"10628",0
"10629",0
"10630",0
"10631",0
"10632",0
"10633",0
"10634",0
"10635",0
"10636",0
"10637",0
"10638",0
"10639",0
"10640",0
"10641",0
"10642",0
"10643",0
"10644",0
"10645",0
"10646",0
"10647",0
"10648",0
"10649",0
"10650",0
"10651",0
"10652",0
"10653",1
"10654",0
"10655",0
"10656",0
"10657",0
"10658",0
"10659",0
"10660",0
"10661",0
"10662",0
"10663",0
"10664",0
"10665",0
"10666",0
"10667",0
"10668",0
"10669",0
"10670",0
"10671",0
"10672",0
"10673",0
"10674",0
"10675",0
"10676",0
"10677",0
"10678",0
"10679",0
"10680",0
"10681",0
"10682",0
"10683",0
"10684",0
"10685",0
"10686",0
"10687",0
"10688",0
"10689",0
"10690",0
"10691",0
"10692",0
"10693",0
"10694",0
"10695",0
"10696",0
"10697",0
"10698",0
"10699",0
"10700",0
"10701",3
"10702",0
"10703",0
"10704",0
"10705",0
"10706",0
"10707",3
"10708",0
"10709",0
"10710",0
"10711",0
"10712",0
"10713",0
"10714",0
"10715",0
"10716",0
"10717",0
"10718",0
"10719",0
"10720",14
"10721",0
"10722",2
"10723",0
"10724",0
"10725",0
"10726",0
"10727",0
"10728",0
"10729",0
"10730",0
"10731",0
"10732",0
"10733",0
"10734",0
"10735",0
"10736",0
"10737",0
"10738",0
"10739",0
"10740",11
"10741",0
"10742",10
"10743",0
"10744",0
"10745",0
"10746",0
"10747",0
"10748",0
"10749",5
"10750",0
"10751",0
"10752",0
"10753",0
"10754",0
"10755",0
"10756",0
"10757",2
"10758",0
"10759",0
"10760",0
"10761",0
"10762",0
"10763",0
"10764",0
"10765",1
"10766",0
"10767",0
"10768",0
"10769",0
"10770",0
"10771",0
"10772",0
"10773",0
"10774",0
"10775",0
"10776",0
"10777",0
"10778",0
"10779",0
"10780",0
