"","C1","C2","C3","C4","C5","C6","C7","C8","C9","C10","IEM1","mz","rt","isotopes","adduct","mass","zscore"
"44",14.7481323465356,14.6226010280462,14.6888833692209,14.9236303487896,14.0790799207711,14.4912850007857,14.9885386214947,14.5914559728773,14.6783973606868,14.5211100874449,13.2675912428952,77.0394297568438,493.299285888672,"","[M-H-CO2]- 122.035","122.035",-2.6080713157061
"47",15.2711373703028,14.9170012016053,15.8135613896192,15.6605312295937,15.1794361779419,15.0394810428974,15.9555554346726,15.2522981641852,15.4623388141573,15.0667016147492,17.4621024573985,78.9187984720557,39.5068283081055,"","","78.9187984720557",2.67141703592081
"48",14.0325365491075,12.9361312582543,14.4048273082981,13.7315406165837,13.5417563643644,12.9326309814392,13.9407444275695,13.6994748987262,13.4161623174222,14.2013663806219,16.3370250849364,78.9192948938944,48.1278953552246,"","","78.9192948938944",2.60208748514291
"230",11.4137652798638,12.0675975135951,11.8830514575635,11.0604823132907,11.2549500427699,11.9300364529614,10.0074735565959,10.2093239080619,10.962935089579,11.9646389130502,14.0314940647389,112.041529081243,51.7721633911133,"","[M-H-C6H10O5]- 275.11","275.11",2.31503224920023
"331",18.4543021533984,18.4132002201075,18.4516184149422,18.7145769282313,17.860125963084,18.110561051524,18.7854705607281,18.2810228928772,18.5119986551094,18.197688563629,17.3837415480017,121.029542101298,493.299285888672,"[29][M]-","[M-H]- 122.035","122.035",-2.26678048642041
"483",14.4824029051045,14.2503515010253,14.708568509858,15.3179767992064,13.92099017318,14.2801403244174,15.4460745389136,14.1259362816345,15.8936844626648,14.6024789223122,12.2242486257543,137.035522080832,204.253494262695,"","[M-H-CO2]- 182.025 [M-H-C5H8O4]- 270.085","182.025;270.085",-2.33401996045187
"595",14.3155552951976,13.5632843674833,15.2393702182681,16.9770093084902,13.9871778451319,14.6336627591491,15.5551530872184,13.4026459157325,15.9149122465964,13.6999811628196,20.5174558942757,147.066478724004,174.421508789062,"[62][M]-","[M-H]- 148.074","148.074",2.54449030548376
"613",12.6279382685979,12.3814549159614,11.7071609066973,12.4259036182132,12.8597395010909,10.7611252232516,12.7336391056322,10.8607016971291,12.1021694965687,10.5426423463385,14.5057348601927,149.045743791383,76.3016204833984,"","","149.045743791383",2.06763138551994
"630",9.33985968430059,6.60844651952212,8.12819902683802,7.30904320365369,7.05749404923443,9.2798951854708,6.79419012547705,7.67770091305784,8.69393993658484,7.80957825471625,12.1443991490526,151.076357321393,545.008972167969,"","[M-H-CO2]- 196.074","196.074",2.44458474457495
"631",13.3398688010795,13.1130623177678,11.7616908286489,12.895310616511,12.6732257140157,12.9720206722158,13.1091103538949,12.8564525368739,12.4226330572335,13.4767394137384,11.1124594990222,151.149462670442,861.900115966797,"","[M-H-CO2]- 196.146","196.146",-2.25708043364757
"644",10.1666442266809,9.15962737670838,9.64249760784576,10.4841773050558,9.65668006879258,11.8046311115361,10.2720158672692,10.0228841118212,10.1532239821279,10.2483254173427,12.3208361995029,153.092237403758,716.880693359375,"","","153.092237403758",2.11579342966766
"658",16.9673288710711,14.8825178151475,17.4731560950451,15.5318997176342,16.3774824087342,16.0272934320499,16.2387730954047,14.0583224513609,17.3592523525832,16.5563291123913,9.4414681647556,155.071282190022,600.86181640625,"","","155.071282190022",-2.68984416686816
"659",17.4222625393297,17.2106620996593,17.4638297194598,17.4137653601428,16.4589375610895,16.7001292541691,17.4569517216056,18.7347202599684,15.7096629910371,15.6634108527558,6.26315861938657,155.107847123252,680.252812255859,"[71][M]-","[M-H-H20]- 174.127 [M-H-CO2]- 200.105","174.127;200.105",-2.91110487692718
"727",16.0974706639905,16.1490475070337,16.209453308565,16.5203288208508,15.5508852742529,15.8434665615415,16.1583208964253,16.775508016221,15.7893788063587,15.4149124658364,12.408249468809,159.102616500465,497.940063476562,"","","159.102616500465",-2.83724475687402
"728",16.138003960854,16.04405391005,16.2086712515715,16.4122148804375,14.8826772512345,15.789901450069,16.167930169282,16.6984655371371,15.6900661624824,15.1858524241514,13.2843956127781,159.102650332396,515.839569091797,"","","159.102650332396",-2.5183470556152
"792",17.5415641479155,18.4229970215212,18.2364444658869,17.2945037688083,14.6416384730676,13.4257317426932,18.6144252750639,15.9500679586886,19.8010037161341,12.8239567576531,7.21327486931006,165.041981905079,220.459823608398,"","","165.041981905079",-2.3711607473541
"793",15.4630705519542,17.351752909236,16.102756237407,15.9618474094168,13.4515835844345,12.866706049505,16.5847344815146,13.6345394813083,17.0012182870378,11.9779057630863,9.51208063095003,165.04188572933,205.245895385742,"","[M-H]- 166.049","166.049",-2.04959763452882
"802",9.78159546474602,12.7470620816529,7.33537033947633,10.3120940228708,9.63199410997782,8.16530342513916,10.7445589982943,7.38274011472682,8.12234076459527,8.82674544292569,16.6562358602478,165.055863732475,476.394073486328,"","[M-H]- 166.063","166.063",2.44194241506015
"844",10.1771661425188,10.8712919379112,10.1774443211431,11.5277173782339,11.395790617325,10.3335514657915,10.1761827697895,10.109741285267,10.8479270871543,10.9308624618631,12.5860671572582,169.014033119111,58.0702667236328,"","[M+Cl]- 134.04","134.04",2.27659081007167
"1039",16.992404304228,16.9583909294846,17.1295550822138,17.1762866073857,16.9068434198627,16.6914355698594,17.1787561631568,17.4599019278345,17.2532749738449,17.1195741960761,17.8004529371326,181.071796718442,948.413024902344,"","[M-H+HCOOH]- 136.063","136.063",2.2081947687491
"1086",15.5964836022897,14.5293989782078,13.2676102051016,13.719432480831,14.2291529504159,14.5908811576754,15.5810397180208,14.6219538871706,13.1905531705318,13.8276801800675,11.622867402599,184.098680106622,61.7154998779297,"","","184.098680106622",-2.14576157539288
"1138",15.1978286127541,15.7720677788315,15.3199718515455,15.0484818806061,15.0651166093358,14.9756484630168,15.2661935710668,15.1293887100991,15.7373525613693,15.2559692460716,14.2512244819522,187.009721726163,1095.08642578125,"","[M-H-CH2]- 202.033","202.033",-2.30817816899642
"1153",15.7478889230517,15.6298735970192,15.8476280894107,16.0431850328113,14.7363105657446,15.0609673238069,15.7151069049407,16.499507773395,14.7257264010462,14.4653417555896,12.3751190388069,187.097722467083,625.887756347656,"","","187.097722467083",-2.49422954525099
"1197",11.1673413077349,9.46797995577472,10.6103879523039,10.352965658528,10.7106226172283,10.6812252242556,11.3190827556584,11.7703797656969,11.1886768324764,10.9644629908728,13.6724490223376,189.113105018886,522.137023925781,"","","189.113105018886",2.47742647048563
"1229",17.3637184644533,17.4431026617448,16.024101069442,17.0802178879937,16.6910147230626,17.0146962109353,17.0878102850558,17.1382616262404,16.4660853358659,17.5466480566186,15.3362098761307,195.13914806872,861.900085449219,"[136][M]-","[M-H]- 196.146","196.146",-2.2439804226763
"1235",13.8888689689495,14.4387184253436,15.6848936704258,15.5307312198951,12.7349824194919,13.0483008487193,16.0334841483401,13.2150438735359,14.6615875478208,16.0096276933005,9.92295312292868,195.066055274446,443.398851928721,"","","195.066055274446",-2.28157342654033
"1257",12.8009960973804,12.0198528858547,14.0966234444856,13.1682349397756,12.8513437921804,13.6043868731004,13.459843022066,11.6941714913096,13.6565640806688,13.2934462613584,10.7658857924725,197.118281240933,606.821380615234,"","","197.118281240933",-2.10937737566763
"1300",13.4436872690005,13.6236841240795,13.7854629857197,13.7973600400975,13.850641608028,13.6887673318764,13.8225641074031,13.8761941947454,14.1883822644843,14.1298351148422,12.8909995667661,200.129202088283,532.743957519531,"","","200.129202088283",-2.41906915093408
"1323",17.9796049172695,18.8019286847774,17.8472941418058,17.9158373094827,17.582095774069,17.8386365417017,17.5033208413645,17.9402019059381,18.0176604375463,18.3354171060987,19.1028738946106,201.03861158984,65.6944198608398,"[153][M]-","","201.03861158984",2.09686332735778
"1326",11.3439122768586,10.9521567648348,9.54003341668582,9.74386158083913,12.1627139390361,11.9435168257222,11.1795534937543,9.858316809541,11.765045154275,11.8065992073941,14.2957312664804,201.065793183382,755.824157714844,"","[M+2Cl]2- 332.192 [M-H+Cl]2- 368.167","332.192;368.167",2.19295171937471
"1376",13.7889035900904,13.7575016799819,13.5793389251096,14.1143761988477,12.5810303149183,13.0611517027498,14.0863853700821,14.3498986547538,12.5225802204266,12.8318340802699,6.61865553294349,203.092430343453,505.895101318349,"","","203.092430343453",-2.88206065895142
"1419",13.6061166146731,13.9335266669699,13.24857660745,14.7336978482869,12.9080588050819,13.9875675285747,14.3265453558471,13.3043692955537,13.9815379047357,14.0242380472224,11.3412643563958,206.043287364551,244.946090698242,"","","206.043287364551",-2.47564747938445
"1473",15.3641634389993,15.3531934196097,15.3803782498456,15.2570878534601,13.7449009611698,15.0373070052301,15.4268301221888,15.7061970321771,14.7377554239956,14.7914769873077,10.8643497998244,211.095267367012,733.039520263672,"","[M-H-CH2]- 226.118","226.118",-2.78543833933879
"1480",12.1336589384818,12.2869822595385,12.6654002439403,12.7902994501016,13.0233634782718,12.30539384406,12.2083303041107,12.1805539184807,12.6930498816939,12.6707173649385,11.3240556169575,211.018598315309,387.226531982422,"","[M+Cl+NaCOOH]- 108.059 [M-H]- 212.022","108.059;212.022",-2.32199116156276
"1484",8.66709086269667,8.90660460125859,6.76377938045178,9.4880766273751,6.86378855193985,7.79014700300309,8.68226723793,7.39618215169824,8.46575115284243,7.21983372556222,12.7448796375441,211.170470430437,881.456787109375,"","[M-H-C6H10O4]- 358.235","358.235",2.55313521025145
"1506",16.1870842771147,15.0539163071942,17.3148516051667,16.136721110701,15.2985047047376,16.9619688305843,17.4877783577064,14.4682821158839,16.9639280030952,14.7754396408334,12.1625924527662,213.113368075276,640.14100000002,"","[M-H]- 214.121","214.121",-2.2488330893105
"1519",15.5028472591727,15.8251440475406,15.7834395760667,16.2930371470485,15.3337068008563,16.3794871682258,15.4315826594167,15.1737145276043,14.7517057672757,15.8923425665709,14.2204622212228,213.14957185253,816.156921386719,"","","213.14957185253",-2.01622007915851
"1532",16.5653365789226,16.356519818256,16.5499649998438,16.6480987822233,16.4522266514141,16.3952615130871,16.8114191285854,16.56994434702,17.1303077538067,16.6887938533699,15.7459857317077,214.144900997403,604.674,"[172][M]-","[M-H]- 215.152","215.152",-2.33409867769819
"1543",15.2107824555438,12.5034423095315,15.1138739185988,15.3764065488818,14.04980665785,14.8709750038638,15.6258040543796,16.0142069295282,13.8823865147213,13.6955345986967,9.33937992709052,215.09230925373,548.985980957041,"","","215.09230925373",-2.5414762596654
"1588",15.8065783158567,16.0823986780475,16.3231566899037,17.9962592284921,16.086547933639,15.9028031705898,16.8930267046711,16.1293110616523,17.9001795416425,17.0476590397326,18.9068490259516,218.103399891632,257.239837646484,"[180][M]-","[M-H]- 219.111","219.111",2.01862914952399
"1609",14.4445464843246,15.2398749577584,15.8051294430088,15.8087804576477,13.079128660954,15.7981853762113,16.4413686355876,12.0049256309536,16.6563744390735,13.2251043624978,9.65758228288873,219.063956160759,515.673583984375,"","[M-2H+Na]- 198.089","198.089",-2.17226296665336
"1697",20.4279423874512,20.3645005273805,20.3202856350987,20.1722307751225,18.917880633554,19.9962386364925,20.4351274558078,20.6150898659368,19.694209107504,19.4677879337653,16.3339968677029,225.111218673326,733.121765136719,"[189][M]-","[M-H]- 226.118","226.118",-2.74800882327558
"1741",10.7815766889729,10.6866633949101,11.5916256292222,9.87372223865403,9.46562045554727,10.2714680104277,8.83284823136052,10.7324102073225,10.6569742469048,13.1243168174037,14.9788305637664,227.128834090253,772.568939208984,"","[M-H-CO]- 256.129","256.129",2.30202832384588
"1769",14.266100005483,14.120135892423,14.2922450022206,13.8809276578602,12.8218361044599,13.91939394297,14.0922059967675,14.1574510879155,13.2847543599341,13.184211448238,9.00709459157588,228.085523547244,732.957244873047,"","","228.085523547244",-2.8557690095578
"1770",11.9887959604682,11.3582458236737,11.6272759961833,11.9687764093448,12.8713142259524,12.7264493675068,11.4619715618343,10.4249415374246,10.8163132624353,11.5275347389293,14.6831705769245,228.085530431135,756.16056640626,"","","228.085530431135",2.36021360646524
"1775",17.2613876253695,17.3133859892084,17.3413522945445,17.453572647283,17.3012438104073,17.2887706869344,17.7000040806213,17.5042219064625,17.977803234738,17.7450763197366,16.3426254707104,228.16051601653,666.327392578125,"[195][M]-","[M-H]- 229.168","229.168",-2.50900321944366
"1788",14.6359507758539,14.4859378936069,14.6589552463895,14.701678048567,13.3276386321615,14.6820989633144,14.8956127222753,15.1303545238629,13.705357606364,13.634856797455,10.3074922774315,229.144565459719,806.543911621094,"","","229.144565459719",-2.7320451651659
"1799",7.5915546855007,6.47119666885644,8.96336982226344,10.3849313486705,7.32445765850313,7.44925708657176,7.81857874892586,8.27516907857718,6.92217007900918,8.48147424157168,11.9915007244111,229.988797425161,174.421356201172,"","","229.988797425161",2.26451593103887
"1912",14.6286516208339,13.4815108643787,15.6578354561632,14.5447596436245,13.5961099989486,15.4709287410676,16.0017885219915,13.0988823874532,15.1537738733124,13.2530275574105,8.65354417912404,235.095118968018,640.306579589844,"","[M-2H+Na]- 214.121","214.121",-2.60997055382603
"1922",12.5549616178753,12.5497560757854,12.1257823998306,12.7831857750699,12.5147154804088,12.6607872294425,12.9803134496643,12.7336418886217,13.0590156184032,12.7539732093995,11.7485168539849,236.126780342858,604.674072265625,"","[M-2H+Na]- 215.152","215.152",-2.24744282522349
"1937",15.6183544382405,13.3739776104978,16.002074160792,14.3121048707656,14.9219177934725,14.8158241464875,14.7787653068832,12.5739279176849,16.1196667151113,15.2987689239622,7.4947257574432,237.074560377926,600.697113037109,"","[M-H]- 238.082","238.082",-2.71311536429466
"2025",14.6175453599295,14.5589543928774,14.6936687025966,14.826633404816,13.5907889000436,14.3518416571747,15.0781734729266,15.1484261264966,14.1556198082993,14.045393804702,12.4155387021052,241.105845958784,515.839447021484,"","","241.105845958784",-2.44105223743111
"2059",20.6128000829529,20.381534532777,20.6562049480929,20.8102558740485,20.4977754959111,20.468586370918,20.8371321497896,20.5464646962768,21.2670886984538,20.6420653899241,19.6219501995688,242.17650780251,718.757507324219,"[225][M]-","[M-H]- 243.184","243.184",-2.40198779268996
"2118",17.4281551187509,17.2146344356594,17.3841790939919,17.5025702069274,16.0992075667668,16.6294454159034,17.356251312364,18.504515376217,15.8107882039688,15.7423847904172,12.4521715811531,245.079506744528,652.074157714844,"[232][M]-","","245.079506744528",-2.57108506497918
"2220",13.7097127040629,14.5097369133788,13.6974047492084,13.2154615867124,14.006238526837,13.3920013685499,13.9670304018892,13.6362686158179,13.2739184829601,12.2138661756634,10.8673460223254,249.055677642301,272.0712890625,"","[M-H]- 250.063","250.063",-2.455171212187
"2232",13.9060025651888,13.4107463777977,14.0088932733297,13.2230926870421,12.9568822711149,13.0323343960518,13.7444263130215,14.5022142402892,12.794785011382,13.9369000083006,11.905201933625,249.149663582564,807.206665039062,"","","249.149663582564",-2.07319626546191
"2250",13.3633048151183,13.6313518275197,13.8015583744149,13.6219427454982,13.5618418407247,13.7342503768469,13.9279378419696,13.8406465110006,14.2689412142791,14.073216759145,12.6390476095125,250.142616752686,666.328369140625,"","[M-2H+Na]- 229.168","229.168",-2.44333432127891
"2290",11.1170153991005,10.9807875225983,10.753826811635,10.9902072892752,12.3910970257571,11.8115928689619,8.8297389554728,9.23527680660056,10.4499132746446,11.0782924724926,13.8486786614545,253.110259349284,756.16000000002,"","","253.110259349284",2.04020974961092
"2308",14.2024461521633,14.2168012318258,14.4952227261201,14.4393786942633,14.2868400306801,14.4617593737528,14.7503244199346,14.6361347612818,14.9961143607845,14.8766397653002,13.2289789884559,254.176071085047,744.815734863281,"[251][M]-","","254.176071085047",-2.51713133188311
"2322",15.3577677334881,15.3299392904513,13.7432138722722,15.6521540816382,13.3956035603148,15.2192685953636,15.9780418246869,15.9122633644076,14.4908556593728,14.302819830548,8.28409172129316,255.085275150803,568.543136962901,"","[M-H]- 256.09 [2M-3H]3- 384.127","256.09;384.127",-2.77230085472996
"2342",10.8986091543761,10.7832687702691,10.1488892601541,10.0535446874862,10.8359804181736,10.9278746167573,10.4065037286118,11.6567449008133,11.3739918836786,10.5583600139763,12.3012968122931,255.158981306548,845.657287597656,"","[M-H]- 256.167","256.167",2.10154147619179
"2350",12.589687409103,12.4122119766234,12.4259870035336,11.9703713163096,13.2502221708848,13.1820383726933,12.2307360081907,12.7423123427551,11.7191922006366,13.7523743974453,14.7229155263401,256.116952361873,852.287109375,"","","256.116952361873",2.20430588798426
"2353",16.2490309682186,16.4107931295353,16.3657340042905,16.2518768310704,15.6213293255097,11.5360429095853,16.3498373155351,15.578496674775,17.0132477206344,15.7511762941643,11.380387042961,256.092047295262,36.0280986633401,"","[M+Cl]- 221.125","221.125",-2.01710376191952
"2361",12.168095087064,12.3620704186473,12.5701166163036,12.2602776009811,12.343359014602,12.4439872765823,12.4455774273822,12.7444365998546,13.0952232583471,12.9563481797598,11.0712436391934,256.155337945026,611.635070800781,"","","256.155337945026",-2.52712532899691
"2363",13.2699754288008,13.1580037925906,13.1802536730044,13.4063470406695,13.5390635032347,13.2865176097953,13.779321839495,13.6938829029971,13.8134998299019,13.9883964094775,12.0334598011178,256.155378202888,592.740478515625,"","","256.155378202888",-2.55529968159892
"2398",12.8773319413956,11.5411423575283,13.0718677287032,13.0050204486705,12.616443401557,12.4749080454143,13.6882933027478,13.134094992565,12.9928292211259,11.5569530162756,14.8743097683966,258.983203137293,38.0286045074463,"","","258.983203137293",2.14364632744282
"2455",16.3026479962504,16.1536190312527,16.1972094761395,16.4455820247545,16.1443527285014,16.0114517706147,16.2543091952662,15.965798712215,16.4486621797824,16.339457388763,17.5555759853719,261.059132798841,1143.32215625,"","","261.059132798841",2.80943024094511
"2457",16.5362025725241,15.8773984003429,15.7185899437039,14.9299654830794,15.3813707540146,15.3607182036714,15.113959160344,14.6917603240826,15.6752390278103,15.6102937513953,17.1810764633769,261.0273677883,132.323013305664,"","","261.0273677883",2.1601668465898
"2488",8.4205780691136,12.7490201551169,9.67732078073434,8.77660066117995,8.48759110316533,10.6849918840911,11.2992148415119,10.195624226297,10.4445712243969,10.3955852615468,14.2157230212315,263.050392346406,346.456298828125,"","[M-H]- 264.058","264.058",2.09600830818306
"2551",16.5439933057202,16.3446000052526,16.2919997559912,16.7479498418591,16.4926126861815,16.4816438831265,16.7954404808458,16.6076295308105,17.2886145993788,16.6857474836071,15.8039547859884,264.158192835882,719.034912109375,"[283][M]-","[M-2H+Na]- 243.184","243.184",-2.04656253467881
"2563",13.3122103588291,13.1289045119143,13.2008674516174,13.6417729803584,12.2384901666008,13.111637605579,13.8708233673074,12.8564915848702,12.9396787714119,13.0090256288587,10.7510824624069,265.04789334661,493.464752197266,"","[2M-2H+Na]- 122.035","122.035",-2.60107172142264
"2567",16.7866354815764,16.956256449089,16.9034480130369,17.1349382025211,16.7280094886168,16.7599446197554,16.9837085861172,16.978546451374,17.299111072223,17.1850632737247,16.384339977227,265.147879764532,1030.28796386719,"","[M-H-C2H4]- 294.189","294.189",-2.11612818540418
"2568",18.3244015387889,18.0765372200282,18.5338015319851,17.7329795803503,17.8898449972283,18.2839878708549,18.248742976509,17.5019904162094,17.3860513183009,18.5122423966852,16.4174163583907,265.143329015635,849.635192871094,"","","265.143329015635",-2.37352544832176
"2595",11.1654989420767,12.140856733815,12.4429574945876,13.1224739227233,12.4125865068643,12.109901660594,11.1729509464209,11.2156644807762,12.2175590946667,11.4561407040233,14.2120399724442,267.11837438255,265.235748291016,"","[M-H-C4H8]- 324.183","324.183",2.21696396279283
"2602",10.3389439230849,10.9241057492208,9.91783913697501,10.4674389116867,10.3315672480946,11.2536591889824,9.61496568615121,10.6221770594218,9.883421644313,10.35617851084,13.839243468778,267.1271079886,756.1611328125,"","","267.1271079886",2.75368142325777
"2663",13.4008230195202,13.6127031325923,13.7036297115402,13.6951880444497,13.5212376389767,13.8266751785988,13.8849161499121,13.9043760919158,14.2006841036623,14.1428709511023,12.5630687051568,270.170956085487,672.626892089844,"","","270.170956085487",-2.52111427118882
"2773",16.9963453956293,17.0671606944295,15.4344490911712,16.6016257994782,16.3399431927569,17.2123357936841,16.6907078128945,17.0716188642855,16.0434147055817,16.9439337967717,15.0402442162768,277.142124406287,861.900085449219,"[314][M]-","","277.142124406287",-2.02752429397522
"2795",12.1669588031971,12.0374188833534,12.6167163907166,12.7807512531517,12.5945460022961,12.2060278363266,12.8046438732264,12.4439869915942,12.851244886125,12.5720733738049,11.6714570653465,278.152965356717,718.704040527344,"","[M+Cl]- 243.184","243.184",-2.05176543329813
"2813",13.4175311725319,13.2944724648271,13.2460988961687,13.738074558242,12.864601767918,13.1737468550662,13.9567114798519,13.3023547111381,12.7845742299522,13.3458928053863,12.1711466450751,279.018930848008,493.299285888672,"","[2M+Cl]- 122.035","122.035",-2.16535957212002
"2821",16.1065462595145,16.8330395456399,15.5354245811804,15.9237025250935,15.7495337437988,15.8789400576078,15.1819962731179,16.8034133978418,13.8087914911025,16.120048011302,12.9829973492116,279.157974526906,884.772,"","","279.157974526906",-2.16800174247375
"2847",17.1881968084694,16.9290849900948,17.2769539482982,17.2464058134263,16.2559619725453,16.5161803288935,17.2346064348336,18.4987135119898,15.5609436635317,15.5293909549399,8.13871929617944,281.100708331705,680.252812255859,"[326][M]-","","281.100708331705",-2.8684881312596
"2855",12.2889429152571,12.6972473298008,12.7539838603332,12.284654628277,12.4506452967766,12.885130899928,12.9757158488733,12.9843856471242,13.2791763679254,12.5749355283095,11.2490676062703,281.149937321296,201.932998657227,"","","281.149937321296",-2.47632931191639
"2872",12.3991640402356,12.3054115790753,12.3841103052142,12.2431837053102,11.8128152893191,12.2609756206185,12.9268664091813,12.6328136239207,13.223034949263,12.4378037069825,10.7282909690724,282.207356974886,814.996341064463,"","","282.207356974886",-2.46120631277264
"2897",19.6977325550908,19.5105411849054,19.778207174154,19.6367492982111,19.3959499930514,19.7099547795424,19.5174244048379,19.3442758169615,19.9042379671473,19.2713676978938,18.6949200167621,283.028484633146,1039.56910693359,"","[M+Cl+HCOOH]- 202.064 [M-H+HCOOH]- 238.042","202.064;238.042",-2.44082234102129
"2935",15.2923623110443,15.3956199145384,15.3330544339461,15.6383314218599,14.9231714413546,15.0739229215738,15.697531678625,15.1117521699114,15.1962080420845,15.2315027425503,14.5235123152429,285.035263220873,493.630035400391,"","","285.035263220873",-2.13955600989136
"2939",11.4641662841276,10.9051638975943,11.208306723783,11.1291408703669,12.4321592819265,11.7000579752469,10.2120931406831,10.2780428848083,11.4507649824475,11.0407878874068,13.590257839345,285.120791300372,756.1611328125,"","[M-H-CH4]- 302.158","302.158",2.29330639875793
"2942",9.75445717245303,10.0826679771682,10.0191420876805,8.47656357030536,10.3526197978274,10.250633875806,9.71480869936606,9.53619297305057,10.1959337437749,10.648338558885,12.8052409253932,285.032521973533,346.456298828125,"","[M-2H+Na]- 264.058","264.058",2.52777404446001
"2945",15.3827540379545,14.777774447208,15.1347581335652,14.679038381923,13.7050397366014,14.9795088760259,15.7217672734739,14.7161619981571,13.7919257428323,14.6225514214652,8.64782137678657,285.206944839893,928.856872558594,"","","285.206944839893",-2.86741538537428
"3088",14.0490130110937,13.9898603767124,14.0363366531914,13.484683185046,12.3823730560841,13.7228967408455,14.0744434696583,14.4405080155591,13.3336670566451,13.1861157758555,9.52195628522966,293.098118939483,733.205382568349,"","[M-H+NaCOOH]- 226.118 [M-H-CH2]- 308.121","226.118;308.121",-2.74864772789714
"3166",14.449224141638,14.3873062547138,14.458199026731,14.5783380889014,14.430271268957,14.3789103403091,14.7539932823896,14.5702587999637,15.0881803331208,14.6411777004169,13.7609523887266,296.14786697222,604.674,"","","296.14786697222",-2.30837722093325
"3225",13.6091283376373,13.8693065426695,13.8496860564587,13.2515579067378,13.6646565445694,13.7487997391287,13.4606509224487,12.9746992216294,13.4597559044915,13.2674258609672,12.6943701125271,299.185965920276,780.691162109375,"","","299.185965920276",-2.0205269469227
"3235",13.495173108001,13.0624307984127,13.2773910504841,13.5439873527466,13.3914692611933,13.4233542485157,13.5996640124434,13.3850846449405,13.8957965151594,13.4647749078197,12.5805454844723,300.134649812296,718.757507324219,"","","300.134649812296",-2.37897546866796
"3246",14.5224068380421,13.9418190991652,14.3951778028184,14.4117050217646,15.0343209261543,14.7769292765628,14.0931338006626,14.0862561502936,14.4501801035923,14.5810631904029,16.5060708138192,301.096936412246,755.902099609375,"[382][M]-","","301.096936412246",2.69443407246446
"3248",15.9184449942779,15.916806019083,15.9242721611686,15.787590088583,14.6369061936397,15.6034730312058,16.0516598430988,16.1968621028132,15.2759774797229,15.1774971042917,10.8934397207339,301.096964934524,733.205383300781,"[383][M]-","","301.096964934524",-2.87266712537971
"3360",17.5104154618382,16.8670806524261,17.1872787845429,17.230724540121,17.8628263206931,17.6084893782193,16.97156063762,16.7949785174523,17.2355177175777,17.362100229781,19.2785262982411,307.113771255406,755.8291015625,"[400][M]-","","307.113771255406",2.66938896905519
"3390",13.9614666046479,14.8880479875938,14.1007764773537,15.0046523631462,14.9453795789929,14.1283967828325,13.9766326360783,16.0172966169351,13.24658751126,15.5921958214401,11.7886724081276,308.192425336602,933.828033447266,"","","308.192425336602",-2.18303926948914
"3409",9.34162374770237,9.49470608635311,9.40677010561827,9.56306787252232,9.89812889269533,10.0971874316625,10.8966878248592,11.048294445174,10.5721887950209,11.4579488545674,13.2618980277763,309.13160985379,772.735046386719,"","[M-H]- 310.144","310.144",2.37482160137131
"3410",16.2022966481976,16.3894324598027,16.3311668654965,16.7588798806609,16.1940293761723,16.2074874826098,16.5397804120063,16.4695649773015,16.6993240439541,16.7236386712837,17.4105929601653,309.174047251847,1030.28796386719,"","[2M-2H+Na]- 144.09","144.09",2.43643522970834
"3427",13.9318329160428,13.8572242869492,13.8313764137599,14.0364305737856,13.9131981476262,13.9759323863609,14.2549367865116,14.1114179116081,14.6087613914573,14.1532098672065,13.2903374622759,310.163825442231,719.034912109375,"","[M-H+NaCOOH]- 243.184","243.184",-2.19283890700399
"3428",15.3286155402088,15.4279086424958,15.5359073965114,15.5691664516682,15.5294709582616,15.4299087839567,15.7790481735877,15.7411694931432,16.127412390764,15.9254068681792,14.3960724851725,310.163618987847,666.327392578125,"","","310.163618987847",-2.54784022005536
"3436",12.6073022647948,13.1611992892044,15.5818349769463,11.5204622476241,13.1176180128633,15.6457877536651,16.4314736626821,14.8341509387444,15.7938740364789,11.5093290364147,7.89337698458104,311.134620156044,133.320205688477,"[414][M]-","","311.134620156044",-2.18584333095343
"3479",14.3945991835425,13.6814362717251,14.3228540910169,14.7723218807929,13.565490356964,14.2232742688407,13.8845790332922,16.482642291965,13.7150441861289,12.7393974676374,7.29658611604028,313.165397980577,814.498889648428,"","","313.165397980577",-2.74932223709107
"3497",8.96344899909441,7.49735761067553,9.5988417710062,10.0535714085572,7.36412030996506,9.04379557373359,9.58806578730322,8.52547812266824,10.9884178303013,7.46347304475824,13.497007689718,314.055445204216,523.132019042969,"","","314.055445204216",2.3192375986272
"3554",12.8601668047419,13.092982151197,12.8107768539603,12.8170164957907,12.8791818019069,12.3271001794163,12.7785881398547,12.6728488631656,12.9502127113943,12.6640230361551,11.6558705558626,315.076860757048,834.386993408203,"","","315.076860757048",-2.62072320817204
"3572",6.41485401896277,6.26498480767263,7.86285295538791,6.77463829853571,8.70381722315036,6.77876375222522,12.8489845982158,7.28357343392099,8.43103180676086,6.35070837673053,15.2259887525156,315.100101503905,543.020172119141,"","","315.100101503905",2.31145920058175
"3588",12.7559216328798,12.0800256062155,12.4104162209467,12.0804860253104,13.2878777669873,13.4597491815346,12.0194262408695,12.1218167063818,12.7757931748228,13.2042320947721,15.1754888793052,317.069225962397,755.82905078125,"[431][M]-","[M-H-C6H8O6]- 494.11","494.11",2.48974638306423
"3606",13.9002829155953,14.238924188935,14.3228901613222,14.133537572586,14.0543471817137,14.3448879600977,14.2026596067478,14.1475626157199,14.5961059363696,14.3401545248818,13.3989028390083,318.203503397562,689.53399999998,"","","318.203503397562",-2.44635735207553
"3612",11.9791958930312,11.5029351429672,10.6989969244838,12.3266492500198,11.5791510265563,12.4160231560763,12.0555463458818,10.8696948901331,12.3100565305728,11.8753274592853,13.4562740428033,319.113888116542,771.408752441406,"","","319.113888116542",2.01775170059155
"3699",13.2926481187097,12.9115034744383,12.1670270425595,12.9709120262622,13.6779434401149,13.1378893445875,12.8717292590276,14.1575525599725,11.9455968512743,13.5976617602212,10.8639636592941,323.189132422279,917.421979003916,"","[M-H]- 324.195","324.195",-2.18144776471612
"3793",13.3916810031459,13.1438762269168,13.5893086391861,13.2228049879717,13.3083007768586,13.3615949894551,13.3602935020374,13.2440993976066,13.4874711307958,12.8445445644282,12.6756604937317,327.153843638362,718.704345703125,"","","327.153843638362",-2.09299253591655
"3812",11.8872763042738,13.9788530407926,14.0153307667829,13.6969738433836,11.8579825299856,13.4573268886143,14.0925185042416,12.5407771116273,14.7054304247531,12.4870187169184,9.27945770107555,329.06182599221,722.019021484375,"","[M+Cl+NaCOOH]- 226.109","226.109",-2.36494419617069
"3855",11.7276772063297,10.3875360497505,9.6620852012192,11.098087786245,11.6335349124527,11.5525988021841,10.6711177063321,11.9049666990989,9.59518791320914,12.7469886265018,14.5813322834904,331.113735400279,778.701049804688,"[462][M]-","[M+Cl]- 296.149 [M-2H+Na]- 310.14","296.149;310.14",2.22267173317764
"3856",12.0543315064438,12.5930658277619,12.9763806821165,12.373352801857,12.1704713423229,12.295885302815,12.116746246652,12.0244920366351,12.4651315093469,12.8939559895713,13.7337460637495,331.114004034271,753.178100585938,"","","331.114004034271",2.36241989478067
"3859",12.6620734318969,12.6447316206914,12.7306548329116,12.7189603380808,12.8040223492859,12.5234682888123,12.6883934503777,12.5592482620973,12.8502394393577,12.4909785856624,11.1052146260126,331.152449437897,924.216552734375,"","","331.152449437897",-2.93466977911912
"3861",13.1124204666693,12.752496942437,14.0977934609333,13.7979018830101,11.6322267067336,12.9467737722711,12.8864194352017,14.0477905953077,12.4501825061982,12.7219388167351,8.71301271343219,331.175846134034,768.756713867188,"","","331.175846134034",-2.63595799680503
"3873",11.7307358959563,11.4012439017897,11.6995183425695,11.9764794282353,12.0616398432797,12.0768734213262,12.2938825719275,12.3812248666739,12.6459978667428,12.4624032500435,10.4676703011608,332.145691198032,666.327850341797,"","[M+Cl+NH3]- 280.154 [M-H+NH3]- 316.131","280.154;316.131",-2.4044584460354
"3904",10.8717717671375,9.52227082753947,10.9182802260325,10.682803067012,11.5844541267808,10.5740509925987,10.0557810744124,9.54286324785907,8.74234266396438,10.0641053643861,12.865500742992,334.071702495885,756.1611328125,"","","334.071702495885",2.12431491933035
"3936",12.3039324686851,12.3658552235012,12.6214488782085,12.5507434490707,12.5426777047139,12.6220674082591,12.7257969256915,12.6823596384017,13.3226172867362,12.9423103908559,11.5128100197371,336.17865794828,744.779296875,"","","336.17865794828",-2.36124523512562
"3944",12.1054304479735,11.0641208725348,10.459359621949,11.4675160683112,12.4811977787927,12.249950011371,11.2134999200722,10.3525845276047,10.6750665913143,12.2700466810775,13.8920910834589,337.12455885062,756.1611328125,"","[M+Cl]- 302.158","302.158",2.1034230375996
"3967",12.3188919701043,12.2364973379899,12.2742625647321,12.1699926984236,12.6315509114306,12.2815717395994,12.6935115038536,12.5727158842473,12.942927364136,12.7301693716078,10.2800505058054,338.195001779433,763.957153320312,"","","338.195001779433",-2.82449275400327
"4108",16.8814365520343,16.6025653558084,17.1175021915541,16.1762021472093,16.478013778988,16.9008255237997,16.7774641107071,15.9176652478533,15.3831740847777,17.1054422273683,14.2193650210268,347.145422474181,849.635192871094,"[504][M]-","[M+Cl]- 312.182","312.182",-2.39920377618535
"4119",13.8548506141145,13.7994596387795,13.9945831738022,13.5560861803063,12.500287697011,13.0337286771226,13.520618300198,13.41918384478,12.5073472881144,12.6898747982619,9.74022743944673,348.087654779706,733.205383300781,"","","348.087654779706",-2.69513134138623
"4122",12.0283145742176,11.3494189732476,11.8985060728513,10.0775081781216,12.491183375202,11.962025853972,10.4358594454342,11.2926890377943,10.8786332114271,11.1086735327869,14.0223696023516,348.087585669776,756.036268310557,"","[M+Cl]- 313.121","313.121",2.24816231294018
"4140",16.529739348593,16.773717704125,16.2610199581456,17.3544326552384,16.7128105091065,16.6300729214024,16.6542642060533,17.7416606884944,16.5500493491601,17.3479456248497,15.4088320180486,349.235827253132,990.179962158203,"[510][M]-","[M+Cl]- 314.266 [M-H]- 350.243","314.266;350.243",-2.11947710827835
"4159",12.1645452474087,12.3369874645501,12.5043202997938,12.6830125271406,12.935752002488,13.2316671049766,12.6252508381361,12.1282989983831,12.3654728542951,12.623476967063,14.0062744490001,350.126076236352,912.28515625,"","","350.126076236352",2.42050849028867
"4182",12.4504186580733,12.3420807035644,12.6993164129689,12.9032221887609,12.6099788084608,12.2628738004142,12.6250362835146,12.6074844840575,12.6784770176805,11.6661895674443,11.4569418337119,351.216566094623,808.864440917969,"","[2M+Cl]- 158.13","158.13",-2.08371633187591
"4194",13.1264971859354,13.2518345940102,13.5070978632929,13.128618970127,13.4130070883936,13.4040182745596,13.6292651353555,13.2634846866267,13.7685492369347,13.6492677763454,12.3260973925835,352.210412660619,802.896545410156,"","","352.210412660619",-2.53256044881228
"4225",14.4485399942305,13.7377406155928,15.2103196800831,14.6451456345878,14.7784184319497,15.6680485331665,14.8285735513702,14.5459087243459,13.5965827625805,13.4979543862211,16.7803831564761,354.203333226749,964.656433105469,"","[M-H]- 355.206 [M-H-COCH2]- 397.215 [M-H-C3H2O3]- 441.214","355.206;397.215;441.214",2.16227677670686
"4284",15.6582794784705,15.7977076929718,14.1974947913096,15.4663399654715,14.9382291898685,15.2138795896066,15.4834968076858,15.8967253128822,14.8150633054273,15.3724595773618,13.7249967501659,359.145209583344,861.900390625,"","","359.145209583344",-2.09084312855526
"4326",14.9117414182782,13.3008521578712,14.9971604260405,15.6470707978992,15.0196933812303,14.2269992317239,12.5755199941372,14.6821096731202,14.6378015382309,13.5858107336791,11.5646803825514,362.030771492249,289.744079589844,"","[M-H-C4H8]- 419.094","419.094",-2.07361226300485
"4345",9.190419881039,9.00376301220878,6.61938575527684,8.42532300754268,6.63782997256075,8.28604508603989,11.7230953637229,7.47146045113315,7.59199795051276,8.68290458686631,14.2336763625619,363.103543490324,632.516235351562,"","","363.103543490324",2.35779425192013
"4417",11.8587026851723,10.9896044681151,12.144165764786,11.1902718818905,12.61527430858,12.260583202177,11.6601013278244,11.3003685119196,10.4955607523047,12.096085297684,13.697450878308,367.123084049038,756.036254882812,"[554][M]-","[M-H-CH4]- 384.162","384.162",2.11485687550133
"4425",15.3806065768852,15.7016063580184,15.8582867101514,15.7086044314477,15.4566977980616,15.7105149646188,16.0113033237604,15.7453313214665,16.1649392411318,16.3811205529861,14.4249962422154,367.212404569883,750.48828125,"","","367.212404569883",-2.47795702942211
"4426",14.7718830674708,14.8473351508786,14.5447998962903,14.5300413174265,14.645945434186,14.5038839195874,14.8147973585481,14.8727472734067,14.8413144941194,14.7752188774651,14.2123937599497,367.212233403089,835.382141113281,"[556][M]-","","367.212233403089",-2.23620851860848
"4427",15.3852913165461,15.324570075236,15.2335310271041,14.9108308598752,13.8179692047054,15.0499503891815,15.7324526685145,15.5016870163462,14.1481371544315,14.7174126514376,9.68023166571556,367.209975313488,928.856994628906,"[557][M]-","","367.209975313488",-2.83714998626551
"4445",13.2550021505833,13.4684843885809,13.5438715585365,13.3354127652666,13.1313526323088,13.509303951917,13.2959580213541,13.5442622987841,13.8738441072343,14.2272602233401,11.698927434759,368.21597737751,750.344116210938,"","","368.21597737751",-2.63370458899143
"4526",9.63075880298695,9.48328946169074,6.96365813148259,9.52733487649551,9.00576362529418,9.52305652180015,8.85249535554045,10.1818291541685,9.76283888497666,9.21390600677877,11.9483205342521,373.0505845732,445.567016601562,"","","373.0505845732",2.12253723438964
"4605",13.0154402954003,12.9428009366644,12.9773222034198,13.1564083624523,12.9220808586656,12.996423163506,13.1989989456387,13.0598799821434,13.6473727009295,13.2463361282362,12.247089868597,378.150677829005,604.674,"","","378.150677829005",-2.37272623038249
"4620",7.25161938151499,8.87992100865428,6.28053009470844,8.27020164022384,8.50756920473351,8.78968961248405,9.02052675796708,6.41733697471984,6.55820859563324,7.74157586965229,11.2224333115745,379.082034020043,643.123229980469,"","[M-2H+Na]- 358.108","358.108",2.15243910992774
"4623",16.7586196825643,16.9305122032539,16.4931514419199,17.1923827713808,16.7572507757722,16.7657469905997,16.8056492944508,17.1534436721995,16.7388715082154,16.9783714652129,16.2472343577818,379.251865185624,998.135009765625,"[590][M]-","","379.251865185624",-2.04479907028966
"4628",13.1647087677873,12.9492016788061,13.2840364184037,12.9405552423002,12.9715388560096,12.8990486934384,13.3621063535084,13.1123561459752,13.3575415953524,13.1415232674661,13.6080450851503,379.197206747581,1152.10607910156,"","","379.197206747581",2.00178521023399
"4716",14.5489634764753,14.5329290105015,14.5311773398685,15.0245586582768,12.9683954799341,14.3875471549659,14.6643027324669,14.8656143595151,13.5816515536564,13.5750814226053,7.65807714100153,383.168863532694,791.628570556641,"","","383.168863532694",-2.87520917275194
"4744",11.8293527536945,11.9711338243918,11.935916023145,11.4304541545536,11.5038444738469,11.90651058711,11.8392929140893,11.7548083020661,13.1350820424962,12.1990581257564,10.5508479238179,385.047246191557,95.1959037780762,"","[M-H]- 386.062","386.062",-2.06856994013018
"4778",21.897032324601,21.7303578577079,22.0996095762055,21.8952254813136,21.631675071613,21.7046697422444,21.9177284689163,21.7310251221674,22.377552801216,21.7417378997227,24.0620310438351,387.026187459161,1075.69997558593,"[619][M]-","","387.026187459161",2.86955112537146
"4883",8.26210880029885,8.32733334376531,7.84187747055419,8.97364441584406,10.3909404163017,10.3309500986564,9.13853811258794,8.51641803789548,8.90782623694278,9.87236545243516,12.4655392391863,392.091128084882,756.1611328125,"","[M+Cl]- 357.115","357.115",2.33606559147116
"4887",13.9728173053686,14.052245650257,13.3260742385974,14.3882002505848,14.1819978627833,14.2201167118188,14.5062094403658,14.3525685645238,14.6873641991156,14.4337231171738,13.0822851361946,392.166373577292,665.997192382812,"","","392.166373577292",-2.07870585477289
"4922",11.0219125349426,11.6415344691689,11.1833516936368,12.0627234890798,11.6628281495105,11.4696326855775,11.4479533021612,11.8816756207615,11.2513820854935,11.7567754700065,9.61719694771509,394.181647592974,985.538879394531,"","[M-H]- 395.188","395.188",-2.66019654426578
"4994",14.0400707885905,14.0248779857684,13.7596064652313,13.7971969547369,12.8277830197249,14.0968661673121,14.2851165479704,14.3799516496291,13.5763985469032,13.6686609385421,9.57082684453128,399.072159156799,732.986572265625,"","[M-2H]2- 800.147","800.147",-2.86696570731374
"4996",12.4708867332115,11.8940990987642,12.0787063129338,12.3322213826135,13.1084350058311,13.2165940791451,12.128457100214,12.0687181189062,12.6069509960422,12.9680128254541,14.6264759471906,399.072140296953,755.870819091797,"","[M-2H]2- 800.146","800.146",2.47571599263687
"5009",13.4945283730055,13.1277109275291,13.0348550667487,13.4911176273477,13.3414997973287,13.2397057916668,13.6179414358289,13.3627267719155,13.9038243869538,13.3671389046756,12.5988235840537,400.165095472404,718.704040527344,"","[M+Cl]- 365.192 [M-H]- 401.172 [M-H-CO]- 429.17","365.192;401.172;429.17",-2.15360039191772
"5116",10.1088061627133,9.58855655016517,8.62635333054349,8.23383481085142,9.95403353090836,10.2487403798787,9.50803809848565,8.97805256821486,8.18769261153464,10.2094905948254,12.2996601414617,405.173444651648,755.8291015625,"","","405.173444651648",2.28328121295979
"5128",17.1897164355166,17.0917175119362,16.8326717334765,17.4596445457809,17.1886348284485,17.1595745449659,17.4366709852461,17.2002992355292,17.9046900903183,17.2205843540708,16.4363128787598,406.1821563664,719.034912109375,"[680][M]-","","406.1821563664",-2.05760184799262
"5190",12.8193996153809,13.1551241256322,12.564616337576,13.3719218498275,13.052008952739,12.6137512677421,12.5651895043069,13.8293148969204,12.161832216315,13.0972837978006,11.5458286497917,409.166903761178,998.135009765625,"","","409.166903761178",-2.03362111537488
"5243",11.736582873406,11.7989542243549,11.6501313962265,11.8676113540561,11.9516071810601,11.5951160436621,11.7427843588719,11.9502170267499,11.5887819897236,12.3514844270088,10.6404602390621,412.191938984671,1012.38800024413,"","","412.191938984671",-2.58003702262036
"5342",14.4288511807369,15.3988789971669,14.6962717638149,15.7465239392803,14.9300585373831,14.9942876361531,14.9993383817137,15.7631436468414,14.4208709552383,15.1891058304202,16.5776023438417,417.222780895325,989.880920410156,"","[M+Cl+NaCOOH]- 314.266 [M-H+NaCOOH]- 350.243","314.266;350.243",2.14263689748263
"5379",11.598788341483,11.3112720026918,11.2964258815476,11.0304413844187,12.7273143147119,12.1005575121651,10.0113496755723,11.2291389465083,10.4084934458694,11.8331124644169,13.879324651136,419.12700357562,756.16056640626,"","[M+Cl]- 384.162","384.162",2.15437867722512
"5504",21.5253377280807,21.8730057495627,22.2415786404346,22.0442707533205,22.0124421303209,21.7414987747044,21.8865204091429,21.9260721254759,22.2129005451305,22.6318419978806,20.6949634027145,426.358882784383,1026.64196777344,"[746][M]-","","426.358882784383",-2.43855507209044
"5516",7.31338568315932,7.91601419746532,7.07443919444141,8.52317918385132,6.87727088789674,7.98015654659299,8.82555422787571,7.25587137367241,6.43038074420147,8.76383087206574,14.4094712030381,427.059107124535,455.180145263672,"","[M-H+CF3COOH]- 294.07","294.07",2.80916159865261
"5534",15.606658423237,16.0424321325171,15.9382846505863,16.5550692536705,16.7726245744527,16.1164272602337,15.9489466877822,16.9220253293979,15.9075459507813,17.4455979118061,14.6350070119398,428.337569870112,918.25048828125,"","","428.337569870112",-2.05957647458029
"5547",16.6143713083207,16.2227702191827,16.7733955593204,15.8361529094771,16.1517593232559,16.5969650021333,16.4762412702541,15.4460798377627,14.8391056708521,16.7800620178574,11.4549593991638,429.148178131,849.635223388672,"[753][M]-","[M+Cl]- 394.185","394.185",-2.77703302180916
"5555",13.2470212666609,13.4269542095861,13.5515970248905,13.4267890550667,13.4212308038224,13.2928071066628,13.9209212056493,13.421730265378,13.8450957992747,13.6035905101043,12.8170027003958,429.285013450108,949.408569335938,"","[M-H-HCOOH]- 476.311","476.311",-2.14017991544538
"5652",12.2092247865745,12.0157553183505,11.8724206902589,12.4380516402631,12.6828201878733,12.3366493385428,12.7073654204867,12.3937213521788,12.7651526631397,12.6269595215759,11.2652761689131,434.213004004103,802.896545410156,"","","434.213004004103",-2.31213447593813
"5672",9.05741681236022,9.01173929212777,11.4379974373411,10.0838541555099,9.35355054939874,10.7722048091827,11.1582381295152,8.54065896707924,11.5393422751387,8.86535163211544,13.8967992108847,435.223045899577,726.990661621094,"","","435.223045899577",2.20664127994158
"5715",11.9627633652179,11.9354630525914,12.1156038084587,12.3254818678075,12.3729671438822,12.3626206084726,12.7393525925539,12.631701742872,13.0058485235188,12.760965052753,11.1712631955156,438.119666670195,718.954406738281,"","[M-2H+K]- 401.172","401.172",-2.23824239725562
"5824",13.0573713621432,13.129451608503,13.473017093868,13.3451651570027,13.0900051839219,13.3881190917248,13.7173804095265,13.7968399277037,13.903224241068,14.3053450237906,12.0641502074511,445.199622308543,827.095031738281,"","[M-H-C2H4]- 474.239","474.239",-2.26763253865856
"5886",19.9946561723242,20.3062124908707,19.7821820601229,20.4160958465613,20.1328126317411,20.2488886282105,20.2505530793072,20.6999583196298,20.1271393340324,20.4997604112314,19.516346675847,447.270392951784,1026.64184570312,"[818][M]-","[M-H]- 448.276","448.276",-2.00676440014494
"5921",11.7858830554235,10.6200858471905,12.160121113867,11.5307276491203,10.9691366893078,12.0520745106472,11.299653221909,11.0361497026898,11.2303148295903,11.8640643734474,13.5442118099595,449.125243200171,755.99462890625,"[826][M]-","[M-H-CO2]- 494.11","494.11",2.3953353737024
"6058",17.3190229326942,17.5424647935699,17.7174878995385,17.7435106452258,17.5240614711579,17.6281254168555,17.9454808024488,17.9694378902454,18.157074971705,18.4157792044535,16.3020441594597,459.21510238805,827.095031738281,"[849][M]-","[M-H-CH2]- 474.239","474.239",-2.48025643701982
"6089",11.7991179780167,12.1201592649212,11.9803311327744,12.1480207037039,11.9155477912907,11.4419931567118,11.5817266385195,11.954781922152,11.2050415899564,11.9602521063116,13.1133096242154,461.248837190052,943.442016601562,"","[3M-H+Cl]2- 296.192","296.192",2.42211461646565
"6099",12.6893072084533,13.0110191165307,13.2903073676095,13.2574324110687,13.1515543524836,13.337173410936,13.269057062517,13.3045202842389,13.3974629189745,13.7440027341531,12.2821875226773,462.190000589531,827.095153808594,"","[M-H-CH3]- 478.218","478.218",-2.25859677748967
"6101",14.9964163793249,14.7743182316464,14.6006498748685,13.1945554352778,12.7221822793421,12.7308544787877,16.7198240622398,15.9859182985372,15.9712283186609,14.169373329391,9.75781470393169,462.176585257199,607.327331542969,"","","462.176585257199",-2.2268946892962
"6156",14.027078515994,13.2973127815187,13.62790044221,13.6855017309991,14.255865236565,14.0455363732281,13.3262261577737,13.4484612662869,13.8011902370288,13.985212473756,15.4040796753411,465.102610615893,755.912536621094,"[871][M]-","[M-H-CO]- 494.11","494.11",2.55647369210456
"6223",19.5255196751709,19.6347146646862,19.308341988422,19.6306566576989,19.058961494503,19.1168480590103,19.2282722029654,18.9878212103113,19.9895979374242,18.930660820781,20.7781575668059,469.029148942868,863.557556152344,"","","469.029148942868",2.4097929224715
"6262",16.4637201004397,15.7849513344374,16.102064223128,16.1432956544617,16.769923878892,16.52738650212,15.9235458673667,15.8118502707426,16.2355869324484,16.3451549342976,17.8100906715541,471.11958194199,755.912536621094,"[894][M]-","[M+Cl+CF3COOH]- 302.158 [M+Cl+NaCOOH]- 368.167","302.158;368.167",2.54638305097007
"6264",17.4304481910247,17.4487935674277,17.3010606374791,17.3410440923268,16.1699925015208,17.084605460359,17.4725682185683,17.5251018142679,16.9036341609755,16.7029662456947,13.8803567686013,471.119597534632,732.957885742188,"[895][M]-","[M+Cl]- 436.15 [M-H]- 472.127","436.15;472.127",-2.78062194006769
"6271",15.2228487352563,16.0308501247476,14.5270493381072,15.7619165959878,15.6211820735225,15.3235021973851,14.9695197072094,16.6908003014687,14.2279100842912,15.8111756010077,13.0643419658404,471.194350107353,936.481567382812,"","","471.194350107353",-2.16126174567424
"6289",12.4547477207758,12.9145639329384,12.4478156856703,12.511299460364,12.7943225226483,12.4517339586311,12.3534339234689,12.4946127836166,13.1176339913741,12.8202659954429,11.8730171197308,472.387318657593,1094.09625244141,"","","472.387318657593",-2.07690660458965
"6296",12.0109505731424,11.5741731961117,10.8207109576931,11.6443720013092,12.3291911919164,11.8100905928603,11.451705483256,11.0082754146758,11.6029921475938,11.7372192604011,13.294913705404,473.125923411714,756.824096679688,"","","473.125923411714",2.33484018714585
"6307",15.6701751103092,15.5766337073568,15.4169068615656,15.0922726011516,13.0415977559728,15.2586909810304,15.8260570883743,16.4054727520869,13.8592355661486,14.2952697117771,6.71431031163927,473.210496651745,733.205383300781,"[907][M]-","[2M-2H+Na]- 226.118","226.118",-2.81470520585584
"6328",12.8618041492712,13.0020164784288,12.9624580195962,13.0819056932543,13.0275167009028,13.031084531434,13.5331487289032,13.2553448273668,13.6198379291956,13.6289607768566,11.8867417650268,474.169453058299,666.328369140625,"","","474.169453058299",-2.476537202429
"6366",13.1071126957678,13.3741337413196,13.4108944893029,13.434455103118,13.3005476233708,13.3849625656823,13.685511996599,13.3503523667059,13.983673701058,14.2200971876954,12.4266634920569,477.246631346208,798.91999999998,"","","477.246631346208",-2.16107102124553
"6419",13.6221929204226,13.6625672838223,13.5367706501494,13.5339154623701,12.5118231960234,13.7601271450741,13.9167235933947,13.9585618124616,13.4308967723478,13.3718439429555,8.36969506600546,481.075211474377,733.039520263672,"","[M-H+Cl]2- 928.175 [M-2H]2- 964.15","928.175;964.15",-2.92676739043495
"6475",11.8052222106035,11.2213351374025,11.988256086824,12.3149478255309,12.1529712714845,12.2578946090257,12.6726270984224,12.3542334554806,12.791926941854,12.3496713674695,10.7096403265242,485.359097541886,718.730773925781,"","[2M-H]- 243.184","243.184",-2.18706287083016
"6479",14.0420640584559,14.2167182231384,14.1642782754388,14.2305144212695,13.887852539352,13.7331657732923,13.9033463783979,13.8098467055577,14.235050137824,13.9907761377518,13.4843453317315,485.394876216989,978.245971679688,"[944][M]-","[M-H-CO2]- 530.392","530.392",-2.04289844541183
"6684",12.7042374136748,12.4604291381162,12.4417282927342,12.6092970894234,12.5276184201261,12.1714892136777,12.0670674229892,11.9345176960378,12.3417778028712,12.1225515840424,11.3831323975934,500.296073460438,1142.32935595704,"","","500.296073460438",-2.31290445115021
"6813",14.6419260289809,14.4608769441566,14.3460951737508,15.0068640999288,14.8697322593305,14.8717620324609,15.2742665807602,14.8994871103579,15.6088098890187,15.0774773212677,13.2143428620215,507.341018990318,718.757507324219,"[1011][M]-","[2M-2H+Na]- 243.184","243.184",-2.47690012961323
"6859",16.0474275745241,15.6497123943576,16.157628071734,15.2631215663382,15.5298523117551,16.0214899921942,15.8681010383267,14.7632149033913,14.2619627281419,16.2123076454437,12.8137058204183,511.150938136424,849.63525390625,"[1021][M]-","[M+Cl]- 476.188","476.188",-2.43053806306588
"6878",11.9059680702995,10.855155394784,11.1167580526283,11.6391931722432,12.4722532354596,11.8605609019452,10.6218541399882,10.4286177023878,10.5169908158129,10.8339769142323,13.2305559431103,512.093527101088,755.9951171875,"","","512.093527101088",2.03175295045048
"6899",11.9638681717288,12.4783294650969,12.4838921291367,12.597451899091,12.4156387495914,12.3805375772047,12.7017259896425,12.5232100911594,12.9253408320092,13.1901952711143,11.0561264197308,513.186567621568,827.095092773438,"","[M+Cl]- 478.218","478.218",-2.48686580675431
"6945",12.8471207779344,14.2066039696344,12.5224231171428,14.6653911609269,13.6516302128857,13.8181974407985,13.4037687904095,14.7461993267971,13.0977139443707,13.9565098926714,11.5174404444401,515.202397946832,973.936767578125,"","[M+Cl+NaCOOH]- 412.233","412.233",-2.0576810630884
"7212",15.3003871517029,15.3561720266413,15.0455506799828,15.5434906349136,15.2132614767976,15.1256327595092,15.3005740533654,15.4140272556213,15.2994016331874,15.2471624622467,14.84068630557,531.252305819131,998.135009765625,"[1089][M]-","","531.252305819131",-2.13376417923817
"7214",12.1521559401379,12.1797353352261,11.441049891821,12.1251232025579,12.4033285815071,11.8440928697331,12.1292554872829,12.5689599988213,11.7031292696242,12.4912328930495,10.9216484732762,531.168830542146,963.9921875,"","[M+Cl]- 496.201","496.201",-2.19229471888745
"7347",12.8983334177925,12.7458510987917,13.0136010101113,12.6907091687307,11.5462479242471,12.9121012858294,13.0680644493805,13.3460314909169,12.5770274963194,12.4366628798156,7.53551354625027,539.106668170424,733.123138427734,"","[M+Cl+NaCOOH]- 436.15 [M-H+NaCOOH]- 472.127","436.15;472.127",-2.89090088629528
"7349",11.5459778502162,11.0510091971129,11.835155807858,11.3792884074206,12.6141263172274,12.0127615901781,11.2237080456813,11.2444610962959,11.4409112927327,11.658485422387,13.5919178561815,539.106684260766,756.1611328125,"","[M-H+HCOOH]- 494.11","494.11",2.43906170599405
"7367",9.57512701835855,8.79162350913564,9.21108592899456,9.16589467058122,7.9740896683975,6.97621865450887,8.78829732586161,9.56815799532883,7.33346439351662,8.70925414723905,13.0375180690165,539.395040975331,1041.22729492188,"","[M-H-C2H4]- 568.433","568.433",2.5397460102056
"7393",12.9614711464733,13.2089651029632,13.0651634586341,13.3602952425724,12.9839539462372,13.1968361216102,13.2477794716793,13.3669343030689,13.4704351149677,13.7877723011672,12.0191995076736,541.218150738491,827.095031738281,"","[M-H+NaCOOH]- 474.239","474.239",-2.5548636751243
"7502",15.3948087383161,15.3907803412742,15.225585441305,15.1704787194389,14.2922015886996,15.0963539279682,15.3684040628533,15.3542155070833,14.8954182456884,14.6666274604323,11.1886238292924,547.105540782458,733.039520263672,"[1152][M]-","[M-H]- 548.109","548.109",-2.89117232197392
"7626",16.0667256220647,15.5212199761032,15.8189362696891,15.9541724880004,16.3798824383617,16.1992935453525,15.6777562413867,15.5388954095401,15.9684804230377,15.9633251876808,17.2899143700649,553.122484105793,755.902099609375,"[1180][M]-","[M+Cl+CF3COOH]- 384.162","384.162",2.55097786685923
"7684",9.87575893981102,9.50591389742378,6.93952571794777,7.87975738370973,10.3026849536286,10.1975622126245,9.39688150981224,8.89299432099364,7.98099040556087,8.75638172694517,12.3872500102336,556.097570543295,756.1611328125,"","","556.097570543295",2.11631343515854
"7689",12.5902717671777,12.4883996043493,12.7944799480071,12.5808563254515,12.7198743680204,12.7181744744764,13.0235262213687,12.8599654186404,13.2424533222096,13.0001949395924,11.3412822643282,556.172117063518,666.327392578125,"","","556.172117063518",-2.69301978094686
"7773",10.4244602242505,9.84786740307896,9.30533890480427,10.5967800168468,11.4078275173601,10.7380316300752,10.5364103151213,11.0205552138892,10.3559317260916,11.6806246609285,12.5535050603796,561.119755103394,852.28699999998,"","","561.119755103394",2.01303201805116
"7808",14.2052323007774,14.2832994618286,14.2519934433842,14.2232919835122,13.3969262259032,14.4681442786824,14.6643110104207,14.7192175444252,14.1405351215586,14.0896909548362,10.6063277974226,563.078080203992,732.957244873047,"","[M-H-HCOOH]- 610.103","610.103",-2.87423548653838
"7837",11.7297423974695,12.7375158724768,12.8606857786312,12.7047760592076,11.849437785193,12.0398268741022,11.7437187789912,12.9544910367392,12.0767723470568,12.3232816766842,9.08948169979933,565.07853811826,733.289092285146,"","[M+Cl+NH3]- 513.096 [2M-H+Cl]2- 548.109","513.096;548.109",-2.73099943868408
"7964",11.4800108473754,12.0637876289559,11.6926962864036,12.1404447338637,11.903419249531,11.843553713103,11.9223630194493,11.9878829204134,11.8368522772653,11.8237038138668,10.9406137587564,573.409790907672,948.0830078125,"","[2M-2H+Na]- 276.211","276.211",-2.54571134986997
"8277",15.1932214917812,14.8789650925007,15.1530505521293,14.4087916106202,14.7971587768658,15.1636491491522,15.1161874284656,14.09366895409,13.386630672378,15.420133509501,11.4187291947147,593.153825184301,849.63525390625,"","[M-H]- 594.166","594.166",-2.59669124080494
"8535",12.5516080396878,12.5266610195372,12.5226004053387,12.4873707017841,12.5020815399912,12.2066239267628,12.1863766834047,12.1826027531511,12.6108293444506,12.4241536980295,11.1785557499945,609.339492876294,979.241013916006,"","[M-H+CF3COOH]- 476.356","476.356",-2.7830784448956
"8560",18.7678884380724,18.9463672014246,18.5749782678524,19.0594738946565,18.6538979713489,18.7854693875457,18.901830977322,18.9025809015291,18.9133839555112,18.7524331737239,18.3450033213386,611.2761753443,1026.64184570312,"[1380][M]-","[M+Cl+CF3COOH]- 442.316 [M-H+CF3COOH]- 478.286 [M-H]- 612.28","442.316;478.286;612.28",-2.18152183178167
"8679",10.7593776141001,10.3177300696796,10.6911897127706,10.2982085322033,10.426141166921,10.5582855581967,10.4702381867543,11.1606182896716,10.3435489803045,9.91499024794138,12.609870810901,621.10953148795,756.492126464844,"","[M-H]- 622.122","622.122",2.7040282527716
"8838",14.212417649972,14.0862175701255,14.1598544576565,14.1287041641813,13.0860781375932,13.7767598776545,14.2355598481141,14.2550998997144,13.6629789654902,13.6299080409104,10.2583148047525,629.108392883913,732.986572265625,"","[M-H]- 630.121","630.121",-2.86723048849234
"8939",15.1513186593645,14.5707165091406,14.7500781841686,14.9257663410129,15.3754418997544,15.2164856208019,14.6130510990242,14.5498737962807,14.9387295907257,15.0549710663225,16.1167206654103,635.125153742375,756.151733398438,"[1464][M]-","[M+Cl+NaCOOH]- 532.173","532.173",2.4060486422571
"9070",12.7767569091239,12.9331410895736,12.685996699984,12.7233512206366,11.4195917867246,13.043566185202,13.210946376716,13.22975395374,11.9673844373395,12.4759241341807,8.74408977473875,645.080958167182,732.957702636719,"","[M+Cl]- 610.103","610.103",-2.74010361707557
"9379",12.7855100240328,13.0918767783673,12.3853591480057,13.0476045623808,12.4242520268726,12.4665765140907,12.623403977258,12.9000893784457,11.9909777828857,12.7654352650291,11.6803971603838,666.439292798868,1088.95886230469,"","","666.439292798868",-2.02437484746423
"9471",14.6233043014178,14.3385367242014,14.7423897521791,13.9533664195434,14.2430406960308,14.6429305472982,14.589754309575,13.6955845823213,12.7716067794786,14.9188217301164,10.7293863926154,675.156544675414,849.635986328125,"","[M+Cl+HCOOH]- 594.166 [M-H]- 676.169","594.166;676.169",-2.61746221997565
"9695",16.0242870391522,15.8041307664043,15.2044776349712,15.726961734546,16.2535942540461,15.7658445803588,15.6279044374617,16.7766647087043,14.8940201970622,16.2131423408968,14.3334847908984,691.187834638712,917.587280273438,"[1653][M]-","[M+Cl+HCOOH]- 610.197 [M-H]- 692.2","610.197;692.2",-2.00095120766373
"9704",10.0235319228838,8.06245663470188,10.5386899503252,8.86099937838601,11.2863469116365,12.2580418038558,9.95995311285587,8.78773620542478,10.1771497448386,9.83691078958302,13.4934693563374,691.514212629437,1055.14858496094,"","","691.514212629437",2.02674884080519
"9858",10.1934860336124,10.4186024056773,10.8485267789773,10.7608222985424,11.1907233199524,11.4179686901016,11.1914764530156,10.6268376906902,10.3458397782712,11.2291303654248,12.4538700792753,703.112664518689,756.1611328125,"","[M+Cl+HCOOH]- 622.122 [M+Cl]- 668.143","622.122;668.143",2.33342624585212
"9889",13.7721167129284,13.5372384927817,13.2390774689922,13.7806399832753,13.6874426592919,13.2806219201068,13.6382656319168,14.1632737487794,13.4193723000538,13.8806582806705,12.7735840322635,705.204352203542,963.993469238281,"","[M-H-CH2]- 720.23","720.23",-2.1028365341466
"9904",13.1191748405471,12.1447195507506,12.8913303605494,13.0843182415248,12.4107647575803,17.863905098558,13.3938472083149,12.9712549763656,12.5168783941352,13.6020704311152,18.3865271235929,705.521681769813,1033.93347167969,"","","705.521681769813",2.10163863438834
"9925",12.2542274480826,12.3451463172852,12.3514648759702,12.9980462078612,12.3828924748823,12.503206036598,12.3433475304218,12.9162370375336,12.4821838691961,13.3722756875225,11.5527181767238,707.294075225278,1042.22131347656,"","[M-H-CH2]- 722.32","722.32",-2.00877794975173
"9991",13.8498682451345,13.3717237398585,13.6211986374855,13.669353460577,14.2010610902018,13.8056647880297,13.5588055694742,13.4031880450257,13.6187423581401,13.6685986588931,14.628384041705,711.111374013636,756.151733398438,"[1722][M]-","[M-H]- 712.125","712.125",2.36934693484218
"9992",14.6342275038572,14.6096951529835,14.4890924906074,14.5245736578599,13.7589350281373,14.260847362029,14.6103142631638,14.6256847319721,14.2556828650997,14.0586299144215,10.1036565998234,711.111336337683,733.205017089844,"[1723][M]-","[M+Cl+HCOOH]- 630.121","630.121",-2.94667841633223
"10032",10.5310927963796,7.44157907955534,9.81035839559221,10.0767183920558,11.684621534972,10.1786108742174,8.84207187388208,8.31960058068026,8.87259258878063,9.4773405394644,13.7126327712201,713.201859136618,756.1611328125,"[1734][M]-","[2M-H]- 357.115","357.115",2.23130331980252
"10103",15.0043505205014,14.4909955029185,14.7410290438339,14.8737514468072,15.3116325104345,15.1628888282143,14.6580405309474,14.5066908118481,14.8998269576854,14.92236787575,15.8952293886663,717.128081029486,755.8291015625,"[1744][M]-","[M+Cl+NaCOOH]- 614.171","614.171",2.34631311155457
"10133",17.1497472697993,17.0866120149117,16.7415911973248,17.3827567832431,17.2288515582958,16.8957062974723,17.1281586673107,17.2739797362648,17.030791276832,17.2244233014999,16.362072655755,719.219201227651,963.992980957031,"[1750][M]-","[M-H+CF3COOH]- 586.239 [M-H]- 720.23","586.239;720.23",-2.36918002308069
"10138",12.4986907338494,10.6286079108638,11.9251419460895,11.8459962853266,13.3217889685434,12.8679555068553,10.9791148544435,11.2035055399411,11.6420056226036,12.4787088190803,15.5470843858941,719.21864574661,755.829,"[1754][M]-","[M-H+CF3COOH]- 586.229","586.229",2.4121170256486
"10257",11.8363338844402,11.5052719151528,11.2755101034431,11.7665535417351,12.3740265732433,12.4256864247778,11.6914510744056,11.3147940332867,11.8561800145065,12.4222628734164,13.288164280551,727.083898214933,755.82905078125,"","[M+Cl+HCOOH]- 646.094 [M-H]- 728.096","646.094;728.096",2.18700694294318
"10639",12.8840344043033,12.8024529122232,12.7538425859651,12.7847934806905,12.590961289841,12.7214699502641,12.6945296990452,12.7479545145899,12.9828236643764,12.7341255152915,10.8174517673093,750.638587429147,33.8769207000732,"","","750.638587429147",-2.97181026641533
"10644",12.7936079512798,13.0382338940956,12.2341490825641,13.3997281643221,12.5717230282972,12.357315898122,11.9700721020213,13.0068071523852,12.6051153856136,13.5879764065001,11.2846827459215,751.341458936436,1142.65942382812,"","[2M-H]- 376.184","376.184",-2.03440115097581
"10832",13.777422974152,13.5037933323538,13.4893246760776,13.2351312262415,13.5432996338833,13.3162896748891,13.2845983232242,13.7390181252207,13.3405064733046,13.3278328466232,12.4115520408268,766.441902310626,39.8394085235496,"","[M-2H+Na]- 745.466","745.466",-2.61962046670132
"10978",11.7219568799185,11.7127205333584,11.630721783196,11.2467779144308,11.2313992873801,11.4050433226127,11.1206144972667,12.0571913378367,11.3560931283231,11.4284875767553,12.4363058706706,776.448573319559,44.4800605773926,"","[M-H]- 777.459","777.459",2.18361824723017
"11107",13.4539299214262,14.1203687795193,14.1557473685278,13.4575546870975,13.2876314280684,13.1983123847944,13.8526236042611,13.5870972750246,14.1882040078941,13.3232495898458,12.1255221563031,788.431593476496,39.8389282226562,"","[M+Cl]- 753.453","753.453",-2.37015910870396
"11178",13.2494743405458,12.6909121696916,13.1390580842233,13.1151994814909,13.5559776048588,13.541642414208,12.9692066778415,12.6886895112919,13.2194365465285,13.2978757182987,14.1675936986473,793.114165716329,755.870819091797,"","[M+Cl+HCOOH]- 712.125","712.125",2.212351178581
"11250",15.2072368819041,15.1195579056196,15.1170008422729,15.1292892818904,14.2955616462461,14.9994208752626,15.2556920812767,15.2379542812047,14.9995269761444,14.742656686018,12.1779627716472,799.131083453716,733.28899999998,"[2035][M]-","[M-H]- 800.147","800.147",-2.86735633482718
"11251",14.6450433885014,14.1841421545219,14.4386965406031,14.4698259958987,14.8507199137884,14.6180893783824,14.2263852455634,14.1317308241658,14.4264637121708,14.4813544523798,15.3621392823728,799.130939773825,755.912536621094,"[2036][M]-","[M-H]- 800.146","800.146",2.38928440980582
"11277",16.3337554310936,16.2313870867147,15.9564620342377,16.4245191564594,16.276839109067,16.1010461311928,16.262642833376,16.2663369974398,16.3027419640009,16.2050461436897,15.5444136670019,801.22197694211,963.993,"[2046][M]-","[M+Cl+HCOOH]- 720.23","720.23",-2.59950855032869
"11421",12.4515507244509,12.2563200020875,12.5564730266187,13.0830564751178,11.891326287785,11.5862490194062,12.9689476120633,12.8985928259532,12.261384991028,13.1921776684333,10.1924732706954,813.536067451921,1040.23150634766,"","","813.536067451921",-2.44987349062672
"12110",13.5126278435118,13.483359203653,13.4820066141524,13.4900195772589,12.4685899878632,13.1839037491337,13.5387011542354,13.4759803541882,13.0460374286698,13.0373906960419,7.60733722295815,881.133834301489,733.289061767568,"","[M+Cl+HCOOH]- 800.147","800.147",-2.96147233876427
"12111",12.9407212763363,12.5756425304201,12.4729771421759,12.620709254925,13.2160575219011,12.9634580306065,12.399658564245,12.3761543738044,12.8166352697215,12.8754722463948,13.6681897714909,881.13372726507,756.032135009766,"","[M+Cl+HCOOH]- 800.146","800.146",2.20682352486988
"12127",15.3663622102282,15.3222193632905,14.9230280816621,15.4735316589965,15.2531873740147,15.1027148121486,15.3193803222086,15.130837752738,15.4138698174094,15.1454695120178,14.5766438914399,883.224794697583,963.993225097656,"[2272][M]-","[M-H]- 884.237","884.237",-2.36519097147816
"12532",14.0216388435009,13.7433368044964,13.6850243401051,14.4254771836479,13.8015882013961,13.9584769700559,14.1618288257767,13.7996259934396,13.6345921924316,14.9344497780589,12.8064916763725,932.56174954577,1109.50999999998,"[2390][M]-","[M-H+NaCOOH]- 865.586","865.586",-2.08300969442921
"12857",12.7910333911179,12.9607465664795,12.7675869527066,12.9373421217539,11.8710657963035,12.6112161792452,12.7494633796303,12.9971923661025,12.4570799744313,12.5978076410137,9.0304677576878,963.137259542887,733.289000732412,"","[M+Cl]- 928.175 [M-H]- 964.15","928.175;964.15",-2.89905161283399
"12871",14.5644074023173,14.6031600546218,14.2373376043294,14.7650701274256,14.4788382732269,14.3568022942224,14.5239253850874,14.2054141570979,14.7550007041803,14.2361853104704,13.8709222184365,965.227813957435,963.992980957031,"","[M+Cl+HCOOH]- 884.237","884.237",-2.04051255403011
